id,abbr,name
0,,outside the brain
1,1,"layer 1 of cortex"
2,10Cb,"10th cerebellar lobule (nodule)"
3,10N,"dorsal motor nucleus of vagus"
4,10n,"vagus nerve"
5,11N,"accessory nerve nucleus"
6,12GH,"hypoglossal nucleus, geniohyoid part"
7,12N,"hypoglossal nucleus"
8,12n,"hypoglossal nerve"
9,1Cb,"1st cerebellar lobule (lingula)"
10,2,"layer 2 of cortex"
11,2Cb,"2nd cerebellar lobule"
12,3,"layer 3 of cortex"
13,3Cb,"3rd cerebellar lobule"
14,3N,"oculomotor nucleus"
15,3PC,"oculomotor nucleus, parvicellular part"
16,3V,"3rd ventricle"
17,3n,"oculomotor nerve"
18,4,"layer 4 of cortex"
19,4Cb,"4th cerebellar lobule"
20,4N,"trochlear nucleus"
21,4Sh,"trochlear nuclues shell region"
22,4V,"4th ventricle"
23,4n,"trochlear nerve"
24,5ADi,"motor trigeminal nucleus, anterior digastric part"
25,5Cb,"5th cerebellar lobule"
26,5N,"motor trigeminal nucleus"
27,5Sol,"trigeminal-solitary transition zone"
28,5TT,"motor trigeminal nucleus, tensor tympani part"
29,5Tr,"trigeminal transition zone"
30,6Cb,"6th cerebellar lobule"
31,6N,"abducens nucleus"
32,6n,"abducens nerve"
33,7Cb,"7th cerebellar lobule"
34,7DI,"facial nucleus, dorsal intermediate subnucleus"
35,7DL,"facial nucleus, dorsolateral subnucleus"
36,7DM,"facial nucleus, dorsomedial subnucleus"
37,7L,"facial nucleus, lateral subnucleus"
38,7VI,"facial nucleus, ventral intermediate subnucleus"
39,7VM,"facial nucleus, ventromedial subnucleus"
40,7n,"facial nerve"
41,8Cb,"8th cerebellar lobule"
42,8n,"vestibulocochlear nerve"
43,9Cb,"9th cerebellar lobule"
44,9N,"glossopharyngeal nerve nucleus"
45,9aCb,"9th cerebellar lobule, a"
46,9cCb,"9th cerebellar lobule, c"
47,A11,"A11 dopamine cells"
48,A13,"A13 dopamine cells"
49,A5,"A5 noradrenaline cells"
50,AA,"anterior amygdaloid area"
51,ACo,"anterior cortical amygdaloid nucleus"
52,AD,"anterodorsal thalamic nucleus"
53,AHA,"anterior hypothalamic area, anterior part"
54,AHC,"anterior hypothalamic area, central part"
55,AHP,"anterior hypothalamic area, posterior part"
56,AHi,"amygdalohippocampal area"
57,AI,"agranular insular cortex"
58,AM,"anteromedial thalamic nucleus"
59,AMV,"anteromedial thalamic nucleus, ventral part"
60,ANS,"accessory neurosecretory nuclei"
61,AOD,"anterior olfactory nucleus, dorsal part"
62,AOE,"anterior olfactory nucleus, external part"
63,AOL,"anterior olfactory nucleus, lateral part"
64,AOM,"anterior olfactory nucleus, medial part"
65,AOP,"anterior olfactory nucleus, posterior part"
66,AOV,"anterior olfactory nucleus, ventral part"
67,AOVP,"anterior olfactory nucleus, ventroposterior part"
68,AP,"area postrema"
69,APT,"anterior pretectal nucleus"
70,APTD,"anterior pretectal nucleus, dorsal part"
71,APTV,"anterior pretectal nucleus, ventral part"
72,APir,"amygdalopiriform transition area"
73,ASt,"amygdalostriatal transition area"
74,ATg,"anterior tegmental nucleus"
75,AV,"anteroventral thalamic nucleus"
76,AVDM,"anterovent thalamic nucleus, dorsomedial part"
77,AVPe,"anteroventral periventricular nucleus"
78,AVVL,"anteroventral thalamic nucleus, ventrolateral part"
79,AcbC,"accumbens nucleus, core"
80,AcbSh,"accumbens nucleus, shell"
81,AmbC,"ambiguus nucleus, compact part"
82,AmbL,"ambiguus nucleus, loose part"
83,AmbSC,"ambiguus nucleus, subcompact part"
84,AngT,"angular thalamic nucleus"
85,Aq,"aqueduct"
86,Arc,"arcuate hypothalamic nucleus"
87,Au1,"primary auditory cortex"
88,AuD,"secondary auditory cortex, dorsal area"
89,AuV,"secondary auditory cortex, ventral area"
90,B,"basal nucleus (Meynert)"
91,BAC,"bed nucleus of the anterior commissure"
92,BAOT,"bed nucleus of the accessory olfactory tract"
93,BIC,"nucleus of the brachium of the inferior colliculus"
94,BLA,"basolateral amygdaloid nucleus, anterior part"
95,BLP,"basolateral amygdaloid nucleus, posterior part"
96,BLV,"basolateral amygdaloid nucleus, ventral part"
97,BMA,"basomedial amygdaloid nucleus, anterior part"
98,BMP,"basomedial amygdaloid nucleus, posterior part"
99,Bar,"Barrington’s nucleus"
100,Bo,"Bötzinger complex"
101,CA1,"field CA1 of the hippocampus"
102,CA2,"field CA2 of the hippocampus"
103,CA3,"field CA3 of the hippocampus"
104,CAT,"nucleus of the central acoustic tract"
105,CB,"cell bridges of the ventral striatum"
106,CC,"central canal"
107,CEnt,"caudomedial entothinal cortex"
108,CG,"central gray"
109,CGA,"central gray, alpha part"
110,CGB,"central gray, beta part"
111,CGG,"central gray, gamma part"
112,CGO,"central gray, nucleus O"
113,CGPn,"central gray of the pons"
114,CIC,"central nucleus of the inferior colliculus"
115,CL,"centrolateral thalamic nucleus"
116,CLi,"caudal linear nucleus of the raphe"
117,CM,"central medial thalamic nucleus"
118,CPO,"caudal periolivary nucleus"
119,CPu,"caudate putamen (striatum)"
120,CVL,"caudoventrolateral reticular nucleus"
121,CeC,"central amygdaloid nucleus, capsular part"
122,CeCv,"central cervical nucleus of the spinal cord"
123,CeL,"central amygdaloid nucleus, lateral division"
124,CeM,"central amygdaloid nucleus, medial division"
125,Cg1,"cingulate cortex, area 1"
126,Cg2,"cingulate cortex, area 2"
127,Cl,"claustrum"
128,CnF,"cuneiform nucleus"
129,Cop,"copula of the pyramis"
130,Crus1,"crus 1 of the ansiform lobule"
131,Crus2,"crus 2 of the ansiform lobule"
132,Cu,"cuneate nucleus"
133,CuR,"cuneate nucleus, rotundus part"
134,CxA,"cortex-amygdala transition zone"
135,DA,"dorsal hypothalamic area"
136,DCDp,"dorsal cochlear nucleus, deep core"
137,DCFu,"dorsal cochlear nucleus, fusiform layer"
138,DCIC,"dorsal cortex of the inferior colliculus"
139,DCMo,"dorsal cochlear nucleus, molecular layer"
140,DCl,"dorsal part of claustrum"
141,DEn,"dorsal endopiriform nucleus"
142,DG,"dentate gyrus"
143,DI,"dysgranular insular cortex"
144,DLG,"dorsal lateral geniculate nucleus"
145,DLO,"dorsolateral orbital cortex"
146,DLPAG,"dorsolateral periaqueductal gray"
147,DLPO,"dorsolateral periolivary nucleus"
148,DM,"dorsomedial hypothalamic nucleus"
149,DMC,"dorsomedial hypothalamic nucleus, compact part"
150,DMD,"dorsomedial hypothalamic nucleus, dorsal part"
151,DMIC,"dorsomedial nucleus of the inferior colliculus"
152,DMPAG,"dorsomedial periaqueductal gray"
153,DMSp5,"dorsomedial spinal trigeminal nucleus"
154,DMTg,"dorsomedial tegmental area"
155,DMV,"dorsomedial hypothalamic nucleus, ventral part"
156,DNLL,"dorsal nucleus of the lateral lemniscus"
157,DP,"dorsal peduncular cortex"
158,DPGi,"dorsal paragigantocellular nucleus"
159,DPO,"dorsal periolivary nucleus"
160,DR,"dorsal raphe nucleus"
161,DRC,"dorsal raphe nucleus, caudal part"
162,DRD,"dorsal raphe nucleus, dorsal part"
163,DRL,"dorsal raphe nucleus, lateral part"
164,DRV,"dorsal raphe nucleus, ventral part"
165,DS,"dorsal subiculum"
166,DTT,"dorsal tenia tecta"
167,DTg,"dorsal tegmental nucleus"
168,DTgC,"dorsal tegmental nucleus, central part"
169,DTgP,"dorsal tegmental nucleus, pericentral part"
170,Dk,"nucleus of Darkschewitsch"
171,DpG,"deep gray layer of the superior colliculus"
172,DpWh,"deep white layer of the superior colliculus"
173,Dtr,"dorsal transition zone"
174,E,"ependyma and subependymal layer"
175,EA,"sublenticular extended amygdala"
176,EAC,"sublenticular extended amygdala, central part"
177,ECIC,"external cortex of the inferior colliculus"
178,ECu,"external cuneate nucleus"
179,EP,"entopeduncular nucleus"
180,EPl,"external plexiform layer of the olfactory bulb"
181,EPlA,"external plexiform layer of the accessory olfactory bulb"
182,EVe,"nucleus of origin of efferents of the vestibular nerve"
183,EW,"Edinger–Westphal nucleus"
184,Ect,"ectorhinal cortex"
185,Ent,"entorhinal cortex"
186,Eth,"ethmoid thalamic nucleus"
187,F,"nucleus of the fields of Forel"
188,FC,"fasciola cinereum"
189,FVe,"F cell group of the vestibular complex"
190,Fl,"flocculus"
191,Fr3,"frontal cortex, area 3"
192,FrA,"frontal association cortex"
193,Fu,"bed nucleus of stria terminalis, fusiform part"
194,GI,"granular insular cortex"
195,GP,"globus pallidus"
196,Gca,"globular cell area, ventral cochlear nucleus"
197,Ge5,"gelatinous layer of the caudal spinal trigeminal nucleus"
198,Gi,"gigantocellular reticular nucleus"
199,GiA,"gigantocellular reticular nucleus, alpha part"
200,GiV,"gigantocellular reticular nucleus, ventral part"
201,Gl,"glomerular layer of the olfactory bulb"
202,GlA,"glomerular layer of the accessory olfactory bulb"
203,Gr,"gracile nucleus"
204,GrA,"granule cell layer of the accessory olfactory bulb"
205,GrC,"granule cell layer of cochlear nuclei"
206,GrDG,"granular layer of the dentate gyrus"
207,GrO,"granular cell layer of the olfactory bulb"
208,HDB,"nucleus of the horizontal limb of the diagonal band"
209,I,"intercalated nuclei of the amygdala"
210,IAD,"interanterodorsal thalamic nucleus"
211,IAM,"interanteromedial thalamic nucleus"
212,IB,"interstitial nucleus of the medulla"
213,ICj,"islands of Calleja"
214,ICjM,"islands of Calleja, major island"
215,IEn,"intermediate endopiriform nucleus"
216,IF,"interfascicular nucleus"
217,IG,"indusium griseum"
218,IL,"infralimbic cortex"
219,IM,"intercalated amygdaloid nucleus, main part"
220,IMD,"intermediodorsal thalamic nucleus"
221,IMG,"amygdaloid intramedullary gray"
222,INLL,"intermediate nucleus of the lateral lemniscus"
223,IOA,"inferior olive, subnucleus A of medial nucleus"
224,IOB,"inferior olive, subnucleus B of medial nucleus"
225,IOBe,"inferior olive, beta subnucleus"
226,IOC,"inferior olive, subnucleus C of medial nucleus"
227,IOD,"inferior olive, dorsal nucleus"
228,IODM,"inferior olive, dorsomedial cell group"
229,IOK,"inferior olive, cap of Kooy of the medial nucleus"
230,IOM,"inferior olive, medial nucleus"
231,IOPr,"inferior olive, principal nucleus"
232,IPAC,"interstitial nucleus of the posterior limb of the anterior commissure"
233,IPC,"interpeduncular nucleus, caudal subnucleus"
234,IPD,"interpeduncular nucleus, dorsal subnucleus"
235,IPI,"interpeduncular nucleus, intermediate subnucleus"
236,IPL,"interpeduncular nucleus, lateral subnucleus"
237,IPR,"interpeduncular nucleus, rostral subnucleus"
238,IPl,"internal plexiform layer of the olfactory bulb"
239,IRt,"intermediate reticular nucleus"
240,IVF,"interventricular foramen"
241,InC,"interstitial nucleus of Cajal"
242,InG,"intermediate gray layer of the superior colliculus"
243,InWh,"intermediate white layer of the superior colliculus"
244,IntA,"interposed cerebellar nucleus, anterior part"
245,IntDL,"interposed cerebellar nucleus, dorsolateral hump"
246,IntDM,"interposed cerebellar nucleus, dorsomedial crest"
247,IntP,"interposed cerebellar nucleus, posterior part"
248,IntPPC,"interposed cerebellar nucleus, posterior parvicellular part"
249,KF,"Kölliker–Fuse nucleus"
250,LA,"lateroanterior hypothalamic nucleus"
251,LAcbSh,"lateral accumbens shell"
252,LC,"locus coeruleus"
253,LDDM,"laterodorsal thalamic nucleus, dorsomedial part"
254,LDTg,"laterodorsal tegmental nucleus"
255,LDTgV,"laterodorsal tegmental nucleus, ventral part"
256,LDVL,"laterodorsal thalamic nucleus, ventrolateral part"
257,LEnt,"lateral entorhinal cortex"
258,LHb,"lateral habenular nucleus"
259,LHbL,"lateral habenular nucleus, lateral part"
260,LHbM,"lateral habenular nucleus, medial part"
261,LM,"lateral mammillary nucleus"
262,LMol,"lacunosum moleculare layer of the hippocampus"
263,LNTB,"lateral nucleus of the trapezoid body"
264,LO,"lateral orbital cortex"
265,LOT,"nucleus of the lateral olfactory tract"
266,LPAG,"lateral periaqueductal gray"
267,LPB,"lateral parabrachial nucleus"
268,LPBC,"lateral parabrachial nucleus, central part"
269,LPBCr,"lateral parabrachial nucleus, crescent part"
270,LPBI,"lateral parabrachial nucleus, internal part"
271,LPGi,"lateral paragigantocellular nucleus"
272,LPGiA,"lateral paragigantocellular nucleus, alpha part"
273,LPGiE,"lateral paragigantocellular nucleus, external part"
274,LPLC,"lateral posterior thalamic nucleus, laterocaudal part"
275,LPLR,"lateral posterior thalamic nucleus, laterorostral part"
276,LPMC,"lateral posterior thalamic nucleus, mediocaudal part"
277,LPMR,"lateral posterior thalamic nucleus, mediorostral part"
278,LPO,"lateral preoptic area"
279,LPtA,"lateral parietal association cortex"
280,LR4V,"lateral recess of the 4th ventricle"
281,LRt,"lateral reticular nucleus"
282,LRtPC,"lateral reticular nucleus, parvicellular part"
283,LRtS5,"lateral reticular nucleus, subtrigeminal part"
284,LSD,"lateral septal nucleus, dorsal part"
285,LSI,"lateral septal nucleus, intermediate part"
286,LSO,"lateral superior olive"
287,LSS,"lateral stripe of the striatum"
288,LSV,"lateral septal nucleus, ventral part"
289,LT,"lateral terminal nucleus of the accessory optic tract"
290,LTer,"lemina terminalis"
291,LV,"lateral ventricle"
292,LVPO,"lateroventral periolivary nucleus"
293,LVe,"lateral vestibular nucleus"
294,La,"lateral amygdaloid nucleus"
295,LaD,"lateral amygdaloid nucleus, dorsal part"
296,LaV,"lateral amygdaloid nucleus, ventral part"
297,Lat,"lateral (dentate) cerebellar nucleus"
298,LatPC,"lateral cerebellar nucleus, parvicellular part"
299,Ld,"lambdoid septal zone"
300,Li,"linear nucleus of the medulla"
301,Lth,"lithoid nucleus"
302,M1,"primary motor cortex"
303,M2,"secondary motor cortex"
304,MA3,"medial accessory oculomotor nucleus"
305,MCLH,"magnocellular nucleus of the lateral hypothalamus"
306,MCPC,"magnocellular nucleus of the posterior commissure"
307,MCPO,"magnocellular preoptic nucleus"
308,MD,"mediodorsal thalamic nucleus"
309,MDC,"mediodorsal thalamic nucleus, central part"
310,MDL,"mediodorsal thalamic nucleus, lateral part"
311,MDM,"mediodorsal thalamic nucleus, medial part"
312,ME,"median eminence"
313,MEnt,"medial entorhinal cortex"
314,MGD,"medial geniculate nucleus, dorsal part"
315,MGM,"medial geniculate nucleus, medial part"
316,MGV,"medial geniculate nucleus, ventral part"
317,MHb,"medial habenular nucleus"
318,ML,"medial mammillary nucleus, lateral part"
319,MM,"medial mammillary nucleus, medial part"
320,MNTB,"medial nucleus of the trapezoid body"
321,MO,"medial orbital cortex"
322,MPA,"medial preoptic area"
323,MPB,"medial parabrachial nucleus"
324,MPBE,"medial parabrachial nucleus, external part"
325,MPL,"paralemniscal nucleus, medial part"
326,MPO,"medial preoptic nucleus"
327,MPT,"medial pretectal nucleus"
328,MPtA,"medial parietal association cortex"
329,MS,"medial septal nucleus"
330,MSO,"medial superior olive"
331,MT,"medial terminal nucleus of the accessory optic tract"
332,MTu,"medial tuberal nucleus"
333,MVPO,"medioventral periolivary nucleus"
334,MVe,"medial vestibular nucleus"
335,MVeMC,"medial vestibular nucleus, magnocellular part"
336,MVePC,"medial vestibular nucleus, parvicellular part"
337,MZMG,"marginal zone of the medial geniculate"
338,MdD,"medullary reticular nucleus, dorsal part"
339,MdV,"medullary reticular nucleus, ventral part"
340,Me5,"mesencephalic trigeminal nucleus"
341,MeAD,"medial amygdaloid nucleus, anterodorsal part"
342,MeAV,"medial amygdaloid nucleus, anteroventral part"
343,MePD,"medial amygdaloid nucleus, posterodorsal part"
344,MePV,"medial amygdaloid nucleus, posteroventral part"
345,Med,"medial (fastigial) cerebellar nucleus"
346,MedDL,"medial cerebellar nucleus, dorsolateral protuberance"
347,MedL,"medial cerebellar nucleus, lateral part"
348,Mi,"mitral cell layer of the olfactory bulb"
349,MiA,"mitral cell layer of the accessory olfactory bulb"
350,MiTg,"microcellular tegmental nucleus"
351,MnA,"median accessory nucleus of the medulla"
352,MnM,"medial mammillary nucleus, median part"
353,MnPO,"median preoptic nucleus"
354,MnR,"median raphe nucleus"
355,MoDG,"molecular layer of the dentate gyrus"
356,MoS,"molecular layer of the subiculum"
357,Mx,"matrix region of the medulla"
358,Nv,"navicular nucleus of the basal forebrain"
359,ON,"olfactory nerve layer"
360,OPC,"oval paracentral thalamic nucleus"
361,OPT,"olivary pretectal nucleus"
362,OT,"nucleus of the optic tract"
363,OV,"olfactory ventricle (olfactory part of lateral ventricle)"
364,Obex,"obex"
365,Oca,"octopus cell area, ventral cochlear nucleus"
366,Op,"optic nerve layer of the superior colliculus"
367,Or,"oriens layer of the hippocampus"
368,P5,"peritrigeminal zone"
369,P7,"perifacial zone"
370,PBG,"parabigeminal nucleus"
371,PBP,"parabrachial pigmented nucleus of the ventral tegmental area"
372,PC,"paracentral thalamic nucleus"
373,PCGS,"paracochlear glial substance"
374,PCRt,"parvicellular reticular nucleus"
375,PCom,"nucleus of the posterior commissure"
376,PDR,"posterodorsal raphe nucleus"
377,PDTg,"posterodorsal tegmental nucleus"
378,PF,"parafascicular thalamic nucleus"
379,PFl,"paraflocculus"
380,PH,"posterior hypothalamic nucleus"
381,PHA,"posterior hypothalamic area"
382,PHD,"posterior hypothalamic area, dorsal part"
383,PIF,"parainterfascicular nucleus of the ventral tegmental area"
384,PIL,"posterior intralaminar thalamic nucleus"
385,PL,"paralemniscal nucleus"
386,PLCo,"posterolateral cortical amygdaloid nucleus"
387,PLH,"peduncular part of lateral hypothalamus"
388,PLV,"perilemniscal nucleus, ventral part"
389,PLi,"posterior limitans thalamic nucleus"
390,PM,"paramedian lobule"
391,PMCo,"posteromedial cortical amygdaloid nucleus"
392,PMD,"premammillary nucleus, dorsal part"
393,PMV,"premammillary nucleus, ventral part"
394,PMnR,"paramedian raphe nucleus"
395,PN,"paranigral nucleus of the ventral tegmental area"
396,PP,"peripeduncular nucleus"
397,PPT,"posterior pretectal nucleus"
398,PPy,"parapyramidal nucleus"
399,PR,"prerubral field"
400,PRh,"perirhinal cortex"
401,PS,"parastrial nucleus"
402,PSTh,"parasubthalamic nucleus"
403,PSol,"parasolitary nucleus"
404,PT,"paratenial thalamic nucleus"
405,PTe,"paraterete nucleus"
406,PTg,"pedunculopontine tegmental nucleus"
407,PV,"paraventricular thalamic nucleus"
408,PVA,"paraventricular thalamic nucleus, anterior part"
409,PVP,"paraventricular thalamic nucleus, posterior part"
410,Pa4,"paratrochlear nucleus"
411,Pa5,"paratrigeminal nucleus"
412,Pa6,"paraabducens nucleus"
413,PaAP,"paraventricular hypothalamic nucleus, anterior parvicellular part"
414,PaMM,"paraventricular hypothalamic nucleus, medial magnocellular part"
415,PaMP,"paraventricular hypothalamic nucleus, medial parvicellular part"
416,PaPo,"paraventricular hypothalamic nucleus, posterior part"
417,PaR,"pararubral nucleus"
418,PaS,"parasubiculum"
419,PaV,"paraventricular hypothalamic nucleus, ventral part"
420,PaXi,"paraxiphoid nucleus of thalamus"
421,Pe,"periventricular hypothalamic nucleus"
422,PeF,"perifornical nucleus"
423,PeFLH,"perifornical part of lateral hypothalamus"
424,Pir,"piriform cortex"
425,Pn,"pontine nuclei"
426,PnC,"pontine reticular nucleus, caudal part"
427,PnO,"pontine reticular nucleus, oral part"
428,PnR,"pontine raphe nucleus"
429,PnV,"pontine reticular nucleus, ventral part"
430,Po,"posterior thalamic nuclear group"
431,PoDG,"polymorph layer of the dentate gyrus"
432,PoMn,"posteromedian thalamic nucleus"
433,PoT,"posterior thalamic nuclear group, triangular part"
434,Post,"postsubiculum"
435,Pr,"prepositus nucleus"
436,Pr5DM,"principal sensory trigeminal nucleus, dorsomedial part"
437,Pr5VL,"principal sensory trigeminal nucleus, ventrolateral part"
438,PrC,"precommissural nucleus"
439,PrCnF,"precuneiform area"
440,PrEW,"pre-Edinger–Westphal nucleus"
441,PrL,"prelimbic cortex"
442,PrS,"presubiculum"
443,PtP,"parietal cortex, posterior area"
444,Pta,"pericollicular tegmental area"
445,Py,"pyramidal cell layer of the hippocampus"
446,RAPir,"rostral amygdalopiriform area"
447,RAmb,"retroambiguus nucleus"
448,RCh,"retrochiasmatic area"
449,RChL,"retrochiasmatic area, lateral part"
450,REth,"retroethmoid nucleus"
451,RI,"rostral interstitial nucleus of medial longitudinal fasciculus"
452,RIP,"raphe interpositus nucleus"
453,RLi,"rostral linear nucleus of the raphe"
454,RMC,"red nucleus, magnocellular part"
455,RMg,"raphe magnus nucleus"
456,ROb,"raphe obscurus nucleus"
457,RPC,"red nucleus, parvicellular part"
458,RPO,"rostral periolivary nucleus"
459,RPa,"raphe pallidus nucleus"
460,RR,"retrorubral nucleus"
461,RRF,"retrorubral field"
462,RRe,"retrouniens area"
463,RSD,"retrosplenial dysgranular cortex"
464,RSGa,"retrosplenial granular cortex, a region"
465,RSGb,"retrosplenial granular cortex, b region"
466,RSGc,"retrosplenial granular cortex, c region"
467,RVRG,"rostral ventral respiratory group"
468,Rad,"radiatum layer of the hippocampus"
469,Rbd,"rhabdoid nucleus"
470,Re,"reuniens thalamic nucleus"
471,Rh,"rhomboid thalamic nucleus"
472,Ro,"nucleus of Roller"
473,Rt,"reticular thalamic nucleus"
474,RtSt,"reticluostrial nucleus"
475,RtTg,"reticulotegmental nucleus of the pons"
476,RtTgP,"reticulotegmental nucleus of the pons, pericentral part"
477,S1,"primary somatosensory cortex"
478,S1BF,"primary somatosensory cortex, barrel field"
479,S1DZ,"primary somatosensory cortex, dysgranular zone"
480,S1DZO,"primary somatosensory cortex, oral dysgranular zone"
481,S1FL,"primary somatosensory cortex, forelimb region"
482,S1HL,"primary somatosensory cortex, hindlimb region"
483,S1J,"primary somatosensory cortex, jaw region"
484,S1Sh,"primary somatosensory cortex, shoulder region"
485,S1Tr,"primary somatosensory cortex, trunk region"
486,S1ULp,"primary somatosensory cortex, upper lip region"
487,S2,"secondary somatosensory cortex"
488,SCO,"subcommissural organ"
489,SCh,"suprachiasmatic nucleus"
490,SChDL,"suprachiasmatic nucleus, dorsolateral part"
491,SChVM,"suprachiasmatic nucleus, ventromedial part"
492,SFO,"subfornical organ"
493,SFi,"septofimbrial nucleus"
494,SG,"suprageniculate thalamic nucleus"
495,SGe,"supragenual nucleus"
496,SHi,"septohippocampal nucleus"
497,SHy,"septohypothalamic nucleus"
498,SIB,"substantia innominata, basal part"
499,SLu,"stratum lucidum of the hippocampus"
500,SMV,"superior medullary velum"
501,SNC,"substantia nigra, compact part"
502,SNR,"substantia nigra, reticular part"
503,SO,"supraoptic nucleus"
504,SPF,"subparafascicular thalamic nucleus"
505,SPFPC,"subparafascicular thalamic nucleus, parvicellular part"
506,SPN,"superior periolivary nucleus"
507,SPTg,"subpeduncular tegmental nucleus"
508,SPa,"subparaventricular zone of the hypothalamus"
509,ST,"bed nucleus of the stria terminalis"
510,STIA,"bed nucleus of the stria terminalis, intraamygdaloid division"
511,STLI,"bed nucleus of the stria terminalis, lateral division, intermediate part"
512,STLP,"bed nucleus of the stria terminalis, lateral division, posterior part"
513,STLV,"bed nucleus of the stria terminalis, lateral division, ventral part"
514,STMA,"bed nucleus of the stria terminalis, medial division, anterior part"
515,STMP,"bed nucleus of the stria terminalis, medial division, posterior part"
516,STMV,"bed nucleus of the stria terminalis, medial division, ventral part"
517,STh,"subthalamic nucleus"
518,STr,"subiculum, transition area"
519,Sag,"sagulum nucleus"
520,Sc,"scaphoid thalamic nucleus"
521,Sca,"spherical cell area, ventral cochlear nucleus"
522,Sim,"simple lobule"
523,Sol,"nucleus of the solitary tract"
524,SolC,"nucleus of the solitary tract, commissural part"
525,Sp5C,"spinal trigeminal nucleus, caudal part"
526,Sp5I,"spinal trigeminal nucleus, interpolar part"
527,Sp5O,"spinal trigeminal nucleus, oral part"
528,SpVe,"spinal vestibular nucleus"
529,StA,"strial part of the preoptic area"
530,Su3,"supraoculomotor periaqueductal gray"
531,Su3C,"supraoculomotor cap"
532,Su5,"supratrigeminal nucleus"
533,SuG,"superficial gray layer of the superior colliculus"
534,SuML,"supramammillary nucleus, lateral part"
535,SuMM,"supramammillary nucleus, medial part"
536,SuVe,"superior vestibular nucleus"
537,Sub,"submedius thalamic nucleus"
538,SubB,"subbrachial nucleus"
539,SubCA,"subcoeruleus nucleus, alpha part"
540,SubCD,"subcoeruleus nucleus, dorsal part"
541,SubCV,"subcoeruleus nucleus, ventral part"
542,SubD,"submedius thalamic nucleus, dorsal part"
543,SubG,"subgeniculate nucleus"
544,SubI,"subincertal nucleus"
545,SubV,"submedius thalamic nucleus, ventral part"
546,TG,"tectal gray"
547,TS,"triangular septal nucleus"
548,Te,"terete hypothalamic nucleus"
549,TeA,"temporal association cortex"
550,Tu,"olfactory tubercle"
551,TuLH,"tuberal region of lateral hypothalamus"
552,V1,"primary visual cortex"
553,V1B,"primary visual cortex, binocular area"
554,V1M,"primary visual cortex, monocular area"
555,V2L,"secondary visual cortex, lateral area"
556,V2M,"secondary visual cortex, medial area"
557,VA,"ventral anterior thalamic nucleus"
558,VCA,"ventral cochlear nucleus, anterior part"
559,VCP,"ventral cochlear nucleus, posterior part"
560,VCl,"ventral part of claustrum"
561,VDB,"nucleus of the vertical limb of the diagonal band"
562,VEn,"ventral endopiriform nucleus"
563,VG,"ventral geniculate nucleus"
564,VGMC,"ventral geniculate nucleus, magnocellular part"
565,VGPC,"ventral geniculate nucleus, parvicellular part"
566,VL,"ventrolateral thalamic nucleus"
567,VLH,"ventrolateral hypothalamic nucleus"
568,VLPAG,"ventrolateral periaqueductal gray"
569,VLPO,"ventrolateral preoptic nucleus"
570,VLi,"ventral linear nucleus of the thalamus"
571,VM,"ventromedial thalamic nucleus"
572,VMH,"ventromedial hypothalamic nucleus"
573,VMHC,"ventromedial hypothalamic nucleus, central part"
574,VMHDM,"ventromedial hypothalamic nucleus, dorsomedial part"
575,VMHSh,"ventromedial nucleus of the hypothalamus shell"
576,VMHVL,"ventromedial hypothalamic nucleus, ventrolateral part"
577,VMPO,"ventromedial preoptic nucleus"
578,VNLL,"ventral nucleus of the lateral lemniscus"
579,VNTB,"ventral nucleus of the trapezoid body"
580,VO,"ventral orbital cortex"
581,VP,"ventral pallidum"
582,VPL,"ventral posterolateral thalamic nucleus"
583,VPM,"ventral posteromedial thalamic nucleus"
584,VPPC,"ventral posterior nucleus of the thalamus, parvicellular part"
585,VRe,"ventral reuniens thalamic nucleus"
586,VS,"ventral subiculum"
587,VTA,"ventral tegmental area"
588,VTAR,"ventral tegmental area, rostral part"
589,VTM,"ventral tuberomammillary nucleus"
590,VTT,"ventral tenia tecta"
591,VTg,"ventral tegmental nucleus"
592,VeCb,"vestibulocerebellar nucleus"
593,X,"nucleus X"
594,Xi,"xiphoid thalamic nucleus"
595,ZI,"zona incerta"
596,ZIC,"zona incerta, caudal part"
597,ZID,"zona incerta, dorsal part"
598,ZIR,"zona incerta, rostral part"
599,ZIV,"zona incerta, ventral part"
600,Zo,"zonal layer of the superior colliculus"
601,aca,"anterior commissure, anterior part"
602,aci,"anterior commissure, intrabulbar part"
603,acp,"anterior commissure, posterior part"
604,alv,"alveus of the hippocampus"
605,asc7,"ascending fibers of the facial nerve"
606,bic,"brachium of the inferior colliculus"
607,bsc,"brachium of the superior colliculus"
608,cc,"corpus callosum"
609,cg,"cingulum"
610,chp,"choroid plexus"
611,cic,"commissure of the inferior colliculus"
612,cll,"commissure of the lateral lemniscus"
613,cp,"cerebral peduncle"
614,csc,"commissure of the superior colliculus"
615,cst,"commissural stria terminalis"
616,cu,"cuneate fasciculus"
617,dVNLL,"ventral nucleus of the lateral lemniscus, dorsal part"
618,das,"dorsal acoustic stria"
619,dcs,"dorsal corticospinal tract"
620,dcw,"deep cerebral white matter"
621,df,"dorsal fornix"
622,dhc,"dorsal hippocampal commissure"
623,dlo,"dorsal lateral olfactory tract"
624,dsc,"dorsal spinocerebellar tract"
625,dtgx,"dorsal tegmental decussation"
626,ec,"external capsule"
627,eml,"external medullary lamina"
628,f,"fornix"
629,fi,"fimbria of the hippocampus"
630,fmi,"forceps minor of the corpus callosum"
631,fmj,"forceps major of the corpus callosum"
632,fr,"fasciculus retroflexus"
633,g7,"genu of the facial nerve"
634,gcc,"genu of the corpus callosum"
635,gr,"gracile fasciculus"
636,hbc,"habenular commissure"
637,hif,"hippocampal fissure"
638,ic,"internal capsule"
639,icp,"inferior cerebellar peduncle (restiform body)"
640,iml,"internal medullary lamina"
641,imvc,"intermedioventral thalamic commissure"
642,isRt,"isthmic reticular formation"
643,lfp,"longitudinal fasciculus of the pons"
644,ll,"lateral lemniscus"
645,lo,"lateral olfactory tract"
646,m5,"motor root of the trigeminal nerve"
647,mRt,"mesencehalic reticular formation"
648,mch,"medial corticohypothalamic tract"
649,mcp,"middle cerebellar peduncle"
650,me5,"mesencephalic trigeminal tract"
651,mfb,"medial forebrain bundle"
652,ml,"medial lemniscus"
653,mlf,"medial longitudinal fasciculus"
654,mlx,"medial lemniscal decussation"
655,mp,"mammillary peduncle"
656,mt,"mammillothalamic tract"
657,mtg,"mammillotegmental tract"
658,ns,"nigrostriatal bundle"
659,oc,"olivocerebellar tract"
660,ocb,"olivocochlear bundle"
661,och,"optic chiasm"
662,opt,"optic tract"
663,p1PAG,"p1 periaqueductal gray"
664,pc,"posterior commissure"
665,pm,"principal mammillary tract"
666,py,"pyramidal tract"
667,pyx,"pyramidal decussation"
668,rs,"rubrospinal tract"
669,s5,"sensory root of the trigeminal nerve"
670,scc,"splenium of the corpus callosum"
671,scp,"superior cerebellar peduncle"
672,sm,"stria medullaris of the thalamus"
673,sol,"solitary tract"
674,sox,"supraoptic decussation"
675,sp5,"spinal trigeminal tract"
676,st,"stria terminalis"
677,str,"superior thalamic radiation"
678,sumx,"supramammillary decussation"
679,tfp,"transverse fibers of the pons"
680,ts,"tectospinal tract"
681,tth,"trigeminothalamic tract"
682,tz,"trapezoid body"
683,tzx,"decussation of the trapezoid body"
684,vVNLL,"ventral nucleus of the lateral lemniscus, ventral part"
685,veme,"vestibulomesencephalic tract"
686,vesp,"vestibulospinal tract"
687,vhc,"ventral hippocampal commissure"
688,vlh,"ventrolateral hypothalamic tract"
689,vsc,"ventral spinocerebellar tract"
690,vtgx,"ventral tegmental decussation"
691,xscp,"decussation of the superior cerebellar peduncle"
65000,,a sealed face the atlas does not name
