id,label,division,n_structures,first_plate,last_plate,n_plates,bregma_anterior_mm,bregma_posterior_mm,aliases,structures,plates,note
ctx,CTX,cerebral cortex,68,7,42,36,5.7,-6.55,cortex;neocortex;isocortex;cerebral cortex;pallium,1 2 3 4 A1 AAF AI Au1 AuD AuV CEnt Cg1 Cg2 Cl CxA DCl DEn DI DLO DP Dtr DTT Ect Ent Fr3 FrA GI IEn IG IL LEnt LO LPtA M1 M2 MEnt MO MPtA Pir PRh PrL PtP RSD RSG RSGa RSGb RSGc S1 S1BF S1DZ S1DZO S1FL S1HL S1J S1Sh S1Tr S1ULp S2 TeA V1 V1B V1M V2L V2M VCl VEn VO VTT,7 8 9 10 11 12 13 14 15 16 17 18 19 20 21 22 23 24 25 26 27 28 29 30 31 32 33 34 35 36 37 38 39 40 41 42,"Isocortex, the cingulate and retrosplenial belt, the insular and orbital fields, the rhinal cortices, piriform cortex, the cortical layers the atlas names separately, and the claustro-endopiriform complex. The dorsal and external cortices of the inferior colliculus carry the atlas's `cortex` tag and are not cerebral cortex; they are filed under midbrain alone."
hipp,HIPP,hippocampal formation,36,18,42,25,1.85,-6.55,hippocampus;hippocampal;archicortex,AHi alv CA1 CA2 CA3 CEnt df DG dhc DS Ect Ent f FC fi GrDG IG LEnt LMol MEnt MoDG MoS Or PaS PoDG Post PRh PrS Py Rad SFi SHi SLu STr vhc VS,18 19 20 21 22 23 24 25 26 27 28 29 30 31 32 33 34 35 36 37 38 39 40 41 42,"The atlas's hippocampal tag: the CA fields and their layers, the dentate gyrus, the subicular complex, entorhinal cortex, and the fibre systems the formation is defined by (fornix, fimbria, alveus, the hippocampal commissures)."
olf,OLF,olfactory areas,34,1,35,35,7.8,-4.1,olfactory;rhinencephalon;paleocortex,aci AOD AOE AOL AOM AOP AOV AOVP APir BAOT DEn dlo DTT EPl EPlA Gl GlA GrA GrO ICj ICjM IEn IPl lo LOT Mi MiA ON OV Pir RAPir Tu VEn VTT,1 2 3 4 5 6 7 8 9 10 11 12 13 14 15 16 17 18 19 20 21 22 23 24 25 26 27 28 29 30 31 32 33 34 35,"The main and accessory olfactory bulbs, the anterior olfactory nucleus, tenia tecta, piriform cortex, the endopiriform nuclei, the olfactory tubercle and islands of Calleja, and the lateral olfactory tract."
bulb,BULB,olfactory bulb,12,1,16,16,7.8,2.55,olfactory bulb;main olfactory bulb;accessory olfactory bulb,aci EPl EPlA Gl GlA GrA GrO IPl Mi MiA ON OV,1 2 3 4 5 6 7 8 9 10 11 12 13 14 15 16,"The bulb proper: every layer of the main and accessory olfactory bulbs, the olfactory nerve layer, the intrabulbar anterior commissure and the olfactory ventricle. A subset of olfactory areas."
amyg,AMYG,amygdala,32,23,35,13,0.1,-4.1,amygdala;amygdaloid complex,AA ACo af AHi APir ASt BAOT BLA BLP BLV BMA BMP CeC CeL CeM CxA EA EAC I IM IMG La LaD LaV MeAD MeAV MePD MePV PLCo PMCo RAPir STIA,23 24 25 26 27 28 29 30 31 32 33 34 35,"The amygdaloid complex, including its cortical nuclei and the amygdalohippocampal and amygdalopiriform transition areas."
stri,STRI,striatum and pallidum,14,16,32,17,2.55,-3.05,basal ganglia;striatum;pallidum;corpus striatum;neostriatum,AcbC AcbSh CB CPu EP GP ICj ICjM IPAC LAcbSh LSS STh Tu VP,16 17 18 19 20 21 22 23 24 25 26 27 28 29 30 31 32,"Dorsal and ventral striatum (caudate putamen, accumbens, olfactory tubercle, islands of Calleja), the pallidum (globus pallidus, ventral pallidum, entopeduncular nucleus) and the subthalamic nucleus."
bfor,BFOR,septum and basal forebrain,26,17,29,13,2.2,-2.0,basal forebrain;septum;septal;substantia innominata,B BAC cst Fu HDB Ld LSD LSI LSV MCPO MS Nv SFi SHi SIB ST st STIA STLI STLP STLV STMA STMP STMV TS VDB,17 18 19 20 21 22 23 24 25 26 27 28 29,"The septal nuclei, the diagonal band and magnocellular basal forebrain, substantia innominata, and the bed nucleus of the stria terminalis with its stria. The ventral striatum and pallidum are filed under striatum and pallidum instead, though the atlas tags them here."
thal,THAL,thalamus,91,25,36,12,-0.6,-4.45,thalamus;dorsal thalamus;epithalamus;diencephalon,A13 AD AM AMV AngT AV AVDM AVVL CL CM DLG eml Eth F hbc IAD IAM IMD iml imvc LDDM LDVL LHb LHbL LHbM LPLC LPLR LPMC LPMR Lth MD MDC MDL MDM MGD MGM MGV MHb mt MZMG OPC PaXi PC PF PIL PLi Po PoMn PoT PSTh PT PTe PV PVA PVP Re REth Rh RRe Rt RtSt Sc SG sm SPF SPFPC STh str Sub SubD SubG SubI SubV tth VA VG VGMC VGPC VL VLi VM VPL VPM VPPC VRe Xi ZI ZIC ZID ZIR ZIV,25 26 27 28 29 30 31 32 33 34 35 36,"Dorsal thalamus, the geniculate bodies, the reticular and midline nuclei, the epithalamus and zona incerta. The atlas tags many hypothalamic nuclei `thalamus` as well; those are excluded here."
hypo,HYPO,hypothalamus,69,22,36,15,0.45,-4.45,hypothalamus;diencephalon,A11 AHA AHC AHP ANS Arc AVPe DA DM DMC DMD DMV LA LM LPO mch MCLH MCPO ME ML MM MnM MnPO mp MPA MPO MRe mtg MTu PaAP PaMM PaMP PaPo PaV Pe PeF PeFLH PH PHA PHD PLH pm PMD PMV PS RCh RChL SCh SChDL SChVM SO sox SPa StA SuML SuMM sumx Te TuLH VLH vlh VLPO VMH VMHC VMHDM VMHSh VMHVL VMPO VTM,22 23 24 25 26 27 28 29 30 31 32 33 34 35 36,"The hypothalamic nuclei and areas, the mammillary bodies, the median eminence and the hypothalamic tracts."
midb,MIDB,midbrain,97,31,45,15,-2.7,-7.6,midbrain;mesencephalon;tectum;tegmentum;colliculus,3N 3n 3PC 4N 4n APT APTD APTV Aq ATg BIC bic bsc CG CIC cic CLi CnF csc DCIC Dk DLPAG DMIC DMPAG DMTg DpG DpWh DR DTg DTgC DTgP dtgx ECIC EW IF InC InG InWh IPC IPD IPF IPI IPL IPR isRt LDTg LDTgV LPAG MA3 Me5 me5 MiTg MPT mRt mtg Op OPT p1PAG p1Rt Pa4 PaR PBG PBP PDTg PIF PN PP PPT PR PrC PrCnF PrEW Pta PTg Rbd RLi RMC RPC RR RRF RtTg RtTgP Sag SNC SNR SPTg Su3 Su3C SubB SuG TG VLPAG VTA VTAR VTg vtgx Zo,31 32 33 34 35 36 37 38 39 40 41 42 43 44 45,"Tectum (superior and inferior colliculi), the pretectum, the periaqueductal grey, the tegmentum, substantia nigra and the ventral tegmental area, the red nucleus and the oculomotor and trochlear nuclei. The dorsal raphe is here where the atlas prints it rostral of the pontine nuclei; its caudal subdivisions fall at pontine levels and are filed there."
pons,PONS,pons,128,39,49,11,-5.5,-9.0,pons;pontine;metencephalon,4Sh 5ADi 5N 5Sol 5Tr 5TT 6N 6n 7DI 7DL 7DM 7n 7VI 7VM 8n A5 ALPO asc7 Bar CAT CGA CGB CGG CGO CGPn cll CPO das DCDp DCFu DCMo DLPO DMSp5 DNLL DPGi DPO DRC DRD DRL DRV dVNLL EVe g7 Gca Gi GiA GrC INLL IRt KF LC lfp ll LNTB LPB LPBC LPBCr LPBI LPGiA LPGiE LSO LVe LVPO m5 ml mlf MnR MNTB MPB MPBE MPL MSO MVeMC MVePC MVPO Oca ocb P5 P7 Pa6 PCGS PCRt PDR PL PLV PMnR Pn PnC PnO PnR PnV PPy Pr Pr5DM Pr5VL py RIP RMg RPa RPO rs s5 Sca SGe SMV Sol sp5 Sp5O SPN SpVe Su5 SubCA SubCD SubCV SuVe tfp ts tz tzx VCA VCP veme vesp VNLL VNTB vVNLL X Y,39 40 41 42 43 44 45 46 47 48 49,"From the first plate that prints the pontine nuclei to the last that prints the facial nucleus (plates 39–49, bregma −5.50 to −9.35 mm): the basis pontis and pontine tegmentum, the superior olivary complex and the nuclei of the lateral lemniscus, the parabrachial nuclei, the trigeminal motor and principal sensory nuclei, and the facial and abducens nuclei."
medu,MEDU,medulla,87,50,62,13,-9.35,-13.55,medulla;medulla oblongata;myelencephalon;bulb of the brainstem,10N 10n 11N 12GH 12N 12n 5Sol 7L 9N AmbC AmbL AmbSC Bo CeCv Cu cu CuR CVL das DCDp dcs DMSp5 DPGi ECu FVe Ge5 Gi GiA GiV Gr gr IB IOA IOB IOBe IOC IOD IODM IOK IOM IOPr IRt Li LPGi LRt LRtPC LRtS5 MdD MdV ml mlf mlx MnA MVe MVeMC MVePC Mx Obex P7 Pa5 PCRt PPy Pr PSol py pyx RAmb RMg Ro ROb RPa rs RVRG Sol sol SolC SolDL SolM SolV SolVL sp5 Sp5C Sp5I Sp5O SpVe ts X,50 51 52 53 54 55 56 57 58 59 60 61 62,"Caudal to the facial nucleus (plates 50–62, bregma −9.35 to −13.55 mm): the medullary reticular formation and raphe, the inferior olive, the solitary and spinal trigeminal complexes, the dorsal column nuclei, the vestibular and cochlear nuclei, and the caudal cranial nerve nuclei."
bstem,BSTEM,brainstem,286,31,62,32,-2.7,-13.55,brainstem;brain stem,10N 10n 11N 12GH 12N 12n 3N 3n 3PC 4N 4n 4Sh 5ADi 5N 5Sol 5Tr 5TT 6N 6n 7DI 7DL 7DM 7L 7n 7VI 7VM 8n 9N A5 ALPO AmbC AmbL AmbSC APT APTD APTV Aq asc7 ATg Bar BIC bic Bo bsc CAT CeCv CG CGA CGB CGG CGO CGPn CIC cic CLi cll CnF CPO csc Cu cu CuR CVL das DCDp DCFu DCIC DCMo dcs Dk DLPAG DLPO DMIC DMPAG DMSp5 DMTg DNLL DpG DPGi DPO DpWh DR DRC DRD DRL DRV DTg DTgC DTgP dtgx dVNLL ECIC ECu EVe EW FVe g7 Gca Ge5 Gi GiA GiV Gr gr GrC IB IF InC InG INLL InWh IOA IOB IOBe IOC IOD IODM IOK IOM IOPr IPC IPD IPF IPI IPL IPR IRt isRt KF LC LDTg LDTgV lfp Li ll LNTB LPAG LPB LPBC LPBCr LPBI LPGi LPGiA LPGiE LRt LRtPC LRtS5 LSO LVe LVPO m5 MA3 MdD MdV Me5 me5 MiTg ml mlf mlx MnA MnR MNTB MPB MPBE MPL MPT mRt MSO mtg MVe MVeMC MVePC MVPO Mx Obex Oca ocb Op OPT p1PAG p1Rt P5 P7 Pa4 Pa5 Pa6 PaR PBG PBP PCGS PCRt PDR PDTg PIF PL PLV PMnR PN Pn PnC PnO PnR PnV PP PPT PPy PR Pr Pr5DM Pr5VL PrC PrCnF PrEW PSol Pta PTg py pyx RAmb Rbd RIP RLi RMC RMg Ro ROb RPa RPC RPO RR RRF rs RtTg RtTgP RVRG s5 Sag Sca SGe SMV SNC SNR Sol sol SolC SolDL SolM SolV SolVL sp5 Sp5C Sp5I Sp5O SPN SPTg SpVe Su3 Su3C Su5 SubB SubCA SubCD SubCV SuG SuVe tfp TG ts tz tzx VCA VCP veme vesp VLPAG VNLL VNTB VTA VTAR VTg vtgx vVNLL X Y Zo,31 32 33 34 35 36 37 38 39 40 41 42 43 44 45 46 47 48 49 50 51 52 53 54 55 56 57 58 59 60 61 62,"Midbrain, pons and medulla together — exactly the union of those three, so anything in one of them is in this."
cblm,CBLM,cerebellum,52,41,59,19,-6.2,-12.5,cerebellum;cerebellar;metencephalon,10Cb 1Cb 2Cb 3Cb 4Cb 5Cb 6Cb 7Cb 8Cb 9aCb 9bCb 9Cb 9cCb apmf cbw Cop Crus1 Crus2 dsc Fl icf icp IntA IntDL IntDM IntP IntPPC Lat LatPC mcp Med MedDL MedL oc pcn pcuf PFl pfs plf PM pms ppf prf psf scp sf Sim simf uf VeCb vsc xscp,41 42 43 44 45 46 47 48 49 50 51 52 53 54 55 56 57 58 59,"The cerebellar cortex lobules, the deep nuclei, the peduncles and the cerebellar fissures."
fibr,FIBR,fiber tracts,112,1,62,62,7.8,-13.55,white matter;tracts;fibre tracts;commissures,aca aci acp alv asc7 BAC BAOT bic bsc CAT cbw cc cg cic cll cp csc cst cu dcs dcw df dhc dlo DNLL dsc dtgx dVNLL ec f fi fmi fmj fr Fu g7 gcc gr hbc ic icp imvc INLL IPAC lfp ll lo LOT LT m5 mch mcp MCPC me5 mfb ml mlf mlx mp MT mt mtg ns oc ocb och opt OT pc PCom pm py pyx RI rs s5 scc scp SFi sm Sol sol SolC SolM SolVL sox sp5 ST st STIA STLI STLP STLV STMA STMP STMV str sumx tfp ts tth tz tzx veme vesp vhc vlh VNLL vsc vtgx vVNLL xscp,1 2 3 4 5 6 7 8 9 10 11 12 13 14 15 16 17 18 19 20 21 22 23 24 25 26 27 28 29 30 31 32 33 34 35 36 37 38 39 40 41 42 43 44 45 46 47 48 49 50 51 52 53 54 55 56 57 58 59 60 61 62,"Every named tract, commissure, lemniscus, fascicle and cranial nerve root. These run through the grey-matter divisions rather than beside them, so most are in one of those as well."
vent,VENT,ventricular system,16,1,62,62,7.8,-13.55,ventricles;ventricular;csf;circumventricular,3V 4V AP Aq CC chp E IVF LR4V LTer LV ME MRe OV SCO SFO,1 2 3 4 5 6 7 8 9 10 11 12 13 14 15 16 17 18 19 20 21 22 23 24 25 26 27 28 29 30 31 32 33 34 35 36 37 38 39 40 41 42 43 44 45 46 47 48 49 50 51 52 53 54 55 56 57 58 59 60 61 62,"The ventricles and their recesses, the aqueduct and central canal, the choroid plexus and ependyma, and the circumventricular organs. The periaqueductal grey is filed under midbrain, though the atlas tags it here."
fcx,FCX,frontal cortex,13,7,28,22,5.7,-1.65,frontal lobe;frontal cortex;prefrontal;motor cortex;cingulate cortex,Cg1 Cg2 DLO DP Fr3 FrA IL LO M1 M2 MO PrL VO,7 8 9 10 11 12 13 14 15 16 17 18 19 20 21 22 23 24 25 26 27 28,"Motor, orbital, prelimbic, infralimbic and cingulate fields. A subset of cerebral cortex."
pcx,PCX,parietal cortex,14,13,31,19,3.6,-2.7,parietal lobe;parietal cortex;somatosensory cortex;barrel cortex,LPtA MPtA PtP S1 S1BF S1DZ S1DZO S1FL S1HL S1J S1Sh S1Tr S1ULp S2,13 14 15 16 17 18 19 20 21 22 23 24 25 26 27 28 29 30 31,Primary and secondary somatosensory fields and the parietal association areas. A subset of cerebral cortex.
tcx,TCX,temporal cortex,8,28,42,15,-1.65,-6.55,temporal lobe;temporal cortex;auditory cortex,A1 AAF Au1 AuD AuV Ect PRh TeA,28 29 30 31 32 33 34 35 36 37 38 39 40 41 42,"The auditory fields, temporal association cortex, and the ectorhinal and perirhinal belt. A subset of cerebral cortex."
ocx,OCX,occipital cortex,5,31,42,12,-2.7,-6.55,occipital lobe;occipital cortex;visual cortex;striate cortex,V1 V1B V1M V2L V2M,31 32 33 34 35 36 37 38 39 40 41 42,Primary and secondary visual fields. A subset of cerebral cortex.
