whole,whole_name,parts,part_names,first_plate,last_plate,own_plates,stand_in_plates,shared_plates,note
Cl,claustrum,DCl VCl,dorsal part of claustrum;ventral part of claustrum,12,27,12 13 14 15 27,16 17 18 19 20 21 22 23 24 25 26,,"Plates 16-26 print the dorsal and ventral parts and no Cl; the index lists Cl on 12-27, and the plates print Cl itself on 12-15 and 27. Read on the plates: the two parts together are the claustrum at those levels."
Cu,cuneate nucleus,CuR,"cuneate nucleus, rotundus part",52,62,52 53 54 55 57 58 59 60 61 62,56,55,"Plate 56 prints the rotundus part and no Cu; the index lists Cu on 52-62, and the plates print Cu itself on 52-55 and 57-62. On 55 both are drawn, and the fold unions them. Whether the rest of the cuneate nucleus is drawn on 56 unlabelled, or CuR is what the atlas means by the whole at that level, is a judgement the plate has to settle; the rule admits the row."
DM,dorsomedial hypothalamic nucleus,DMC DMD DMV,"dorsomedial hypothalamic nucleus, compact part;dorsomedial hypothalamic nucleus, dorsal part;dorsomedial hypothalamic nucleus, ventral part",29,32,29 30 32,31,,"Plate 31 prints the compact, dorsal and ventral parts and no DM; the index lists DM on 29-32, and the plates print DM itself on 29, 30 and 32."
LDTg,laterodorsal tegmental nucleus,LDTgV,"laterodorsal tegmental nucleus, ventral part",42,44,42 44,43,,"Plate 43 prints the ventral part and no LDTg; the index lists LDTg on 42-44, and the plates print LDTg itself on 42 and 44."
LHb,lateral habenular nucleus,LHbL LHbM,"lateral habenular nucleus, lateral part;lateral habenular nucleus, medial part",28,31,28 31,29 30,,"Plates 29-30 print the lateral and medial parts and no LHb; the index lists LHb on 28-31, and the plates print LHb itself on 28 and 31."
La,lateral amygdaloid nucleus,LaD LaV,"lateral amygdaloid nucleus, dorsal part;lateral amygdaloid nucleus, ventral part",26,31,26 27 31,28 29 30,27,"Plates 28-30 print the dorsal and ventral parts and no La; the index lists La on 26-31, and the plates print La itself on 26, 27 and 31. On 27 the whole and both parts are drawn, and the fold unions them."
MPB,medial parabrachial nucleus,MPBE,"medial parabrachial nucleus, external part",43,45,43 45,44,,"Plate 44 prints the external part and no MPB; the index lists MPB on 43-45, and the plates print MPB itself on 43 and 45. Only the external part stands in: whether the rest of the medial parabrachial nucleus is drawn on 44 unlabelled, or MPBE is what the atlas means by the whole at that level, is a judgement the plate has to settle; the rule admits the row."
VG,ventral geniculate nucleus,VGMC VGPC,"ventral geniculate nucleus, magnocellular part;ventral geniculate nucleus, parvicellular part",29,34,29 30 33 34,31 32,,"Plates 31-32 print the magnocellular and parvicellular parts and no VG; the index lists VG on 29-34, and the plates print VG itself on 29, 30, 33 and 34."
VMH,ventromedial hypothalamic nucleus,VMHC VMHDM VMHVL,"ventromedial hypothalamic nucleus, central part;ventromedial hypothalamic nucleus, dorsomedial part;ventromedial hypothalamic nucleus, ventrolateral part",28,31,28 31,29 30,,"Plates 29-30 print the central, dorsomedial and ventrolateral parts and no VMH; the index lists VMH on 28-31, and the plates print VMH itself on 28 and 31."
