abbreviation,structure,plates_index_of_structures,plates_index_of_abbreviations,first_plate,last_plate,n_plates,plates,note
1,layer 1 of cortex,11–33,11–33,11,33,23,11 12 13 14 15 16 17 18 19 20 21 22 23 24 25 26 27 28 29 30 31 32 33,
10Cb,10th cerebellar lobule (nodule),50–55,50–55,50,55,6,50 51 52 53 54 55,
10N,dorsal motor nucleus of vagus,53–58,53–58,53,58,6,53 54 55 56 57 58,
10n,vagus nerve,52,52,52,52,1,52,
11N,accessory nerve nucleus,60–62,60–62,60,62,3,60 61 62,
12GH,"hypoglossal nucleus, geniohyoid part",57–58,57–58,57,58,2,57 58,
12N,hypoglossal nucleus,51–58,51–58,51,58,8,51 52 53 54 55 56 57 58,
12n,hypoglossal nerve,53–58,53–58,53,58,6,53 54 55 56 57 58,
1Cb,1st cerebellar lobule (lingula),46–48,46–48,46,48,3,46 47 48,
2,layer 2 of cortex,11–33,11–33,11,33,23,11 12 13 14 15 16 17 18 19 20 21 22 23 24 25 26 27 28 29 30 31 32 33,
2Cb,2nd cerebellar lobule,43–46,43–46,43,46,4,43 44 45 46,
3,layer 3 of cortex,11–33,11–33,11,33,23,11 12 13 14 15 16 17 18 19 20 21 22 23 24 25 26 27 28 29 30 31 32 33,
3Cb,3rd cerebellar lobule,43–49,43–49,43,49,7,43 44 45 46 47 48 49,
3N,oculomotor nucleus,37–38,37–38,37,38,2,37 38,
3n,oculomotor nerve,36–37,36–37,36,37,2,36 37,
3PC,"oculomotor nucleus, parvicellular part",36,36,36,36,1,36,
3V,3rd ventricle,23–34,23–34,23,34,12,23 24 25 26 27 28 29 30 31 32 33 34,
4,layer 4 of cortex,14–16,14–16,14,16,3,14 15 16,
4Cb,4th cerebellar lobule,41–49,41–49,41,49,9,41 42 43 44 45 46 47 48 49,
4N,trochlear nucleus,39–40,39–40,39,40,2,39 40,
4n,trochlear nerve,41–44,41–44,41,44,4,41 42 43 44,
4Sh,trochlear nuclues shell region,39–40,39–40,39,40,2,39 40,
4V,4th ventricle,43–54,43–54,43,54,12,43 44 45 46 47 48 49 50 51 52 53 54,
5ADi,"motor trigeminal nucleus, anterior digastric part",45–46,45–46,45,46,2,45 46,
5Cb,5th cerebellar lobule,42–50,42–50,42,50,9,42 43 44 45 46 47 48 49 50,
5N,motor trigeminal nucleus,44–45,44–45,44,45,2,44 45,
5Sol,trigeminal-solitary transition zone,48–55,48–55,48,55,8,48 49 50 51 52 53 54 55,
5Tr,trigeminal transition zone,44–46,44–46,44,46,3,44 45 46,
5TT,"motor trigeminal nucleus, tensor tympani part",43–44,43–44,43,44,2,43 44,
6Cb,6th cerebellar lobule,46–54,46–54,46,54,9,46 47 48 49 50 51 52 53 54,
6N,abducens nucleus,47,47,47,47,1,47,
6n,abducens nerve,46–47,46–47,46,47,2,46 47,
7Cb,7th cerebellar lobule,51–56,51–56,51,56,6,51 52 53 54 55 56,
7DI,"facial nucleus, dorsal intermediate subnucleus",48–50,48–50,48,50,3,48 49 50,
7DL,"facial nucleus, dorsolateral subnucleus",48–50,48–50,48,50,3,48 49 50,
7DM,"facial nucleus, dorsomedial subnucleus",48–50,48–50,48,50,3,48 49 50,
7L,"facial nucleus, lateral subnucleus",49–51,49–51,49,51,3,49 50 51,
7n,facial nerve,45–47,45–47,45,47,3,45 46 47,
7VI,"facial nucleus, ventral intermediate subnucleus",48–50,48–50,48,50,3,48 49 50,
7VM,"facial nucleus, ventromedial subnucleus",48–50,48–50,48,50,3,48 49 50,
8Cb,8th cerebellar lobule,51–58,51–58,51,58,8,51 52 53 54 55 56 57 58,
8n,vestibulocochlear nerve,46–48,46–48,46,48,3,46 47 48,
9aCb,"9th cerebellar lobule, a",52–59,52–59,52,59,8,52 53 54 55 56 57 58 59,
9bCb,"9th cerebellar lobule, b",52–59,52–59,52,59,8,52 53 54 55 56 57 58 59,
9Cb,9th cerebellar lobule,50–51,50–51,50,51,2,50 51,
9cCb,"9th cerebellar lobule, c",52–59,52–59,52,59,8,52 53 54 55 56 57 58 59,
9N,glossopharyngeal nerve nucleus,62,62,62,62,1,62,
A1,primary auditory field,29–33,29–33,29,33,5,29 30 31 32 33,
A11,A11 dopamine cells,30–31,30–31,30,31,2,30 31,
A13,A13 dopamine cells,28–29,28–29,28,29,2,28 29,
A5,A5 noradrenaline cells,44–47,44–47,44,47,4,44 45 46 47,
AA,anterior amygdaloid area,24–26,24–26,24,26,3,24 25 26,
AAF,anterior auditory field,28–29,28–29,28,29,2,28 29,
aca,"anterior commissure, anterior part",11–24,11–24,11,24,14,11 12 13 14 15 16 17 18 19 20 21 22 23 24,
AcbC,"accumbens nucleus, core",16–21,16–21,16,21,6,16 17 18 19 20 21,
AcbSh,"accumbens nucleus, shell",16–21,16–21,16,21,6,16 17 18 19 20 21,
acer,anterior cerebral artery,23,23,23,23,1,23,
aci,"anterior commissure, intrabulbar part",1–10,1–10,1,10,10,1 2 3 4 5 6 7 8 9 10,
ACo,anterior cortical amygdaloid nucleus,24–28,24–28,24,28,5,24 25 26 27 28,
acp,"anterior commissure, posterior part",23–25,23–25,23,25,3,23 24 25,
AD,anterodorsal thalamic nucleus,26–27,26–27,26,27,2,26 27,
af,amygdaloid fissure,31–32,31–32,31,32,2,31 32,
AHA,"anterior hypothalamic area, anterior part",25–26,25–26,25,26,2,25 26,
AHC,"anterior hypothalamic area, central part",27–28,27–28,27,28,2,27 28,
AHi,amygdalohippocampal area,29–33,29–33,29,33,5,29 30 31 32 33,
AHP,"anterior hypothalamic area, posterior part",28,28,28,28,1,28,
AI,agranular insular cortex,11–27,11–27,11,27,17,11 12 13 14 15 16 17 18 19 20 21 22 23 24 25 26 27,
ALPO,anterolateral periolivary nucleus,44,44,44,44,1,44,
alv,alveus of the hippocampus,27–38,27–38,27,38,12,27 28 29 30 31 32 33 34 35 36 37 38,
AM,anteromedial thalamic nucleus,25–28,25–28,25,28,4,25 26 27 28,
AmbC,"ambiguus nucleus, compact part",52,52,52,52,1,52,
AmbL,"ambiguus nucleus, loose part",55,55,55,55,1,55,
AmbSC,"ambiguus nucleus, subcompact part",53–54,53–54,53,54,2,53 54,
AMV,"anteromedial thalamic nucleus, ventral part",27,27,27,27,1,27,
AngT,angular thalamic nucleus,28–28,28–28,28,29,2,28 29,"printed with a dash and no second plate; read as 28-29, the abbreviation being printed on plate 29 too"
ANS,accessory neurosecretory nuclei,27–28,27–28,27,28,2,27 28,
AOD,"anterior olfactory nucleus, dorsal part",8–12,8–12,8,12,5,8 9 10 11 12,
AOE,"anterior olfactory nucleus, external part",6–10,6–10,6,10,5,6 7 8 9 10,
AOL,"anterior olfactory nucleus, lateral part",6–12,6–12,6,12,7,6 7 8 9 10 11 12,
AOM,"anterior olfactory nucleus, medial part",9–13,9–13,9,13,5,9 10 11 12 13,
AOP,"anterior olfactory nucleus, posterior part",14–16,14–16,14,16,3,14 15 16,
AOV,"anterior olfactory nucleus, ventral part",8–11,8–11,8,11,4,8 9 10 11,
AOVP,"anterior olfactory nucleus, ventroposterior part",11–15,11–15,11,15,5,11 12 13 14 15,
AP,area postrema,55–56,55–56,55,56,2,55 56,
APir,amygdalopiriform transition area,30–35,30–35,30,35,6,30 31 32 33 34 35,
apmf,ansoparamedian fissure,52–55,52–55,52,55,4,52 53 54 55,
APT,anterior pretectal nucleus,35,35,35,35,1,35,
APTD,"anterior pretectal nucleus, dorsal part",31–34,31–34,31,34,4,31 32 33 34,
APTV,"anterior pretectal nucleus, ventral part",32–34,32–34,32,34,3,32 33 34,
Aq,aqueduct,35–42,35–42,35,42,8,35 36 37 38 39 40 41 42,
Arc,arcuate hypothalamic nucleus,27–33,27–33,27,33,7,27 28 29 30 31 32 33,
asc7,ascending fibers of the facial nerve,48,48,48,48,1,48,
ASt,amygdalostriatal transition area,26–30,26–30,26,30,5,26 27 28 29 30,
ATg,anterior tegmental nucleus,40–41,40–41,40,41,2,40 41,
Au1,primary auditory cortex,28–33,28–33,28,33,6,28 29 30 31 32 33,
AuD,"secondary auditory cortex, dorsal area",28–36,28–36,28,36,9,28 29 30 31 32 33 34 35 36,
AuV,"secondary auditory cortex, ventral area",28–36,28–36,28,36,9,28 29 30 31 32 33 34 35 36,
AV,anteroventral thalamic nucleus,25,25,25,25,1,25,
AVDM,"anterovent thalamic nucleus, dorsomedial part",26–28,26–28,26,28,3,26 27 28,
AVPe,anteroventral periventricular nucleus,23,23,23,23,1,23,
AVVL,"anteroventral thalamic nucleus, ventrolateral part",26–27,26–27,26,27,2,26 27,
B,basal nucleus (Meynert),24–29,24–29,24,29,6,24 25 26 27 28 29,
BAC,bed nucleus of the anterior commissure,24,24,24,24,1,24,
BAOT,bed nucleus of the accessory olfactory tract,27,27,27,27,1,27,
Bar,Barrington’s nucleus,43–44,43–44,43,44,2,43 44,"an apostrophe: Barrington's, set as a right single quote"
BIC,nucleus of the brachium of the inferior colliculus,36–37,36–37,36,37,2,36 37,
bic,brachium of the inferior colliculus,36–40,36–40,36,40,5,36 37 38 39 40,
BLA,"basolateral amygdaloid nucleus, anterior part",25–29,25–29,25,29,5,25 26 27 28 29,
BLP,"basolateral amygdaloid nucleus, posterior part",27–32,27–32,27,32,6,27 28 29 30 31 32,
BLV,"basolateral amygdaloid nucleus, ventral part",25–27,25–27,25,27,3,25 26 27,
BMA,"basomedial amygdaloid nucleus, anterior part",25–27,25–27,25,27,3,25 26 27,
BMP,"basomedial amygdaloid nucleus, posterior part",28–31,28–31,28,31,4,28 29 30 31,
Bo,Bötzinger complex,52,52,52,52,1,52,
bsc,brachium of the superior colliculus,33–35,33–35,33,35,3,33 34 35,
BV,blood vessel,21,21,21,21,1,21,
CA1,field CA1 of the hippocampus,28–36,28–36,28,36,9,28 29 30 31 32 33 34 35 36,
CA2,field CA2 of the hippocampus,28–32,28–32,28,32,5,28 29 30 31 32,
CA3,field CA3 of the hippocampus,27–34,27–34,27,34,8,27 28 29 30 31 32 33 34,
CAT,nucleus of the central acoustic tract,43–,43,43,43,1,43,"printed with a dash and no second plate; left at plate 43, nothing being printed past it; the Index of structures leaves the range open as ""43-"""
CB,cell bridges of the ventral striatum,20–22,20–22,20,22,3,20 21 22,
cbw,cerebellar white matter,43–57,43–57,43,57,15,43 44 45 46 47 48 49 50 51 52 53 54 55 56 57,
CC,central canal,55–62,55–62,55,62,8,55 56 57 58 59 60 61 62,
cc,corpus callosum,20–30,20–30,20,30,11,20 21 22 23 24 25 26 27 28 29 30,
CeC,"central amygdaloid nucleus, capsular part",26–29,26–29,26,29,4,26 27 28 29,
CeCv,central cervical nucleus of the spinal cord,56–62,56–62,56,62,7,56 57 58 59 60 61 62,
CeL,"central amygdaloid nucleus, lateral division",27–28,27–28,27,28,2,27 28,
CeM,"central amygdaloid nucleus, medial division",25–29,25–29,25,29,5,25 26 27 28 29,
CEnt,caudomedial entothinal cortex,35–41,35–41,35,41,7,35 36 37 38 39 40 41,
CG,central gray,43,43,43,43,1,43,
cg,cingulum,17–34,17–34,17,34,18,17 18 19 20 21 22 23 24 25 26 27 28 29 30 31 32 33 34,
Cg1,"cingulate cortex, area 1",10–27,10–27,10,27,18,10 11 12 13 14 15 16 17 18 19 20 21 22 23 24 25 26 27,
Cg2,"cingulate cortex, area 2",19–27,19–27,19,27,9,19 20 21 22 23 24 25 26 27,
CGA,"central gray, alpha part",44–46,44–46,44,46,3,44 45 46,
CGB,"central gray, beta part",44–45,44–45,44,45,2,44 45,
CGG,"central gray, gamma part",46,46,46,46,1,46,
CGO,"central gray, nucleus O",44–45,44–45,44,45,2,44 45,
CGPn,central gray of the pons,45,45,45,45,1,45,
chp,choroid plexus,24–54,24–54,24,54,31,24 25 26 27 28 29 30 31 32 33 34 35 36 37 38 39 40 41 42 43 44 45 46 47 48 49 50 51 52 53 54,
CIC,central nucleus of the inferior colliculus,39–42,39–42,39,42,4,39 40 41 42,
cic,commissure of the inferior colliculus,42–43,42–43,42,43,2,42 43,
CL,centrolateral thalamic nucleus,28–31,28–31,28,31,4,28 29 30 31,
Cl,claustrum,12–27,12–27,12,27,16,12 13 14 15 16 17 18 19 20 21 22 23 24 25 26 27,
CLi,caudal linear nucleus of the raphe,37–39,37–39,37,39,3,37 38 39,
cll,commissure of the lateral lemniscus,41–42,41–42,41,42,2,41 42,
CM,central medial thalamic nucleus,26–31,26–31,26,31,6,26 27 28 29 30 31,
CnF,cuneiform nucleus,41–43,41–43,41,43,3,41 42 43,
Cop,copula of the pyramis,49–57,49–57,49,57,9,49 50 51 52 53 54 55 56 57,
cp,cerebral peduncle,28–39,28–39,28,39,12,28 29 30 31 32 33 34 35 36 37 38 39,
CPO,caudal periolivary nucleus,48,48,48,48,1,48,
CPu,caudate putamen (striatum),17–30,17–30,17,30,14,17 18 19 20 21 22 23 24 25 26 27 28 29 30,
Crus1,crus 1 of the ansiform lobule,43–54,43–54,43,54,12,43 44 45 46 47 48 49 50 51 52 53 54,
Crus2,crus 2 of the ansiform lobule,49–55,49–55,49,55,7,49 50 51 52 53 54 55,
csc,commissure of the superior colliculus,34–36,34–36,34,36,3,34 35 36,
cst,commissural stria terminalis,26–27,26–27,26,27,2,26 27,
Cu,cuneate nucleus,52–62,52–62,52,62,11,52 53 54 55 56 57 58 59 60 61 62,
cu,cuneate fasciculus,53–62,53–62,53,62,10,53 54 55 56 57 58 59 60 61 62,
CuR,"cuneate nucleus, rotundus part",55–56,55–56,55,56,2,55 56,
CVL,caudoventrolateral reticular nucleus,52–53,52–53,52,53,2,52 53,
CxA,cortex-amygdala transition zone,24–26,24–26,24,26,3,24 25 26,
DA,dorsal hypothalamic area,29–30,29–30,29,30,2,29 30,
das,dorsal acoustic stria,49–50,49–50,49,50,2,49 50,
DCDp,"dorsal cochlear nucleus, deep core",49–50,49–50,49,50,2,49 50,
DCFu,"dorsal cochlear nucleus, fusiform layer",48–50,48–50,48,50,3,48 49 50,
DCIC,dorsal cortex of the inferior colliculus,40–43,40–43,40,43,4,40 41 42 43,
DCl,dorsal part of claustrum,16–26,16–26,16,26,11,16 17 18 19 20 21 22 23 24 25 26,
DCMo,"dorsal cochlear nucleus, molecular layer",48–50,48–50,48,50,3,48 49 50,
dcs,dorsal corticospinal tract,60–62,60–62,60,62,3,60 61 62,
dcw,deep cerebral white matter,29–39,29–39,29,39,11,29 30 31 32 33 34 35 36 37 38 39,
DEn,dorsal endopiriform nucleus,12–32,12–32,12,32,21,12 13 14 15 16 17 18 19 20 21 22 23 24 25 26 27 28 29 30 31 32,
df,dorsal fornix,26–27,26–27,26,27,2,26 27,
DG,dentate gyrus,30,30,30,30,1,30,
dhc,dorsal hippocampal commissure,28–38,28–38,28,38,11,28 29 30 31 32 33 34 35 36 37 38,
DI,dysgranular insular cortex,13–27,13–27,13,27,15,13 14 15 16 17 18 19 20 21 22 23 24 25 26 27,
Dk,nucleus of Darkschewitsch,33–35,33–35,33,35,3,33 34 35,
DLG,dorsal lateral geniculate nucleus,29–33,29–33,29,33,5,29 30 31 32 33,
DLO,dorsolateral orbital cortex,9–12,9–12,9,12,4,9 10 11 12,
dlo,dorsal lateral olfactory tract,5–12,5–12,5,12,8,5 6 7 8 9 10 11 12,
DLPAG,dorsolateral periaqueductal gray,36–42,36–42,36,42,7,36 37 38 39 40 41 42,
DLPO,dorsolateral periolivary nucleus,44–47,44–47,44,47,4,44 45 46 47,
DM,dorsomedial hypothalamic nucleus,29–32,29–32,29,32,4,29 30 31 32,
DMC,"dorsomedial hypothalamic nucleus, compact part",31,31,31,31,1,31,
DMD,"dorsomedial hypothalamic nucleus, dorsal part",31,31,31,31,1,31,
DMIC,dorsomedial nucleus of the inferior colliculus,41–43,41–43,41,43,3,41 42 43,
DMPAG,dorsomedial periaqueductal gray,35–42,35–42,35,42,8,35 36 37 38 39 40 41 42,
DMSp5,dorsomedial spinal trigeminal nucleus,48–54,48–54,48,54,7,48 49 50 51 52 53 54,
DMTg,dorsomedial tegmental area,43–45,43–45,43,45,3,43 44 45,
DMV,"dorsomedial hypothalamic nucleus, ventral part",31,31,31,31,1,31,
DNLL,dorsal nucleus of the lateral lemniscus,41–42,41–42,41,42,2,41 42,
DP,dorsal peduncular cortex,12–18,12–18,12,18,7,12 13 14 15 16 17 18,
DpG,deep gray layer of the superior colliculus,33–41,33–41,33,41,9,33 34 35 36 37 38 39 40 41,
DPGi,dorsal paragigantocellular nucleus,48–51,48–51,48,51,4,48 49 50 51,
DPO,dorsal periolivary nucleus,45–47,45–47,45,47,3,45 46 47,
DpWh,deep white layer of the superior colliculus,34–41,34–41,34,41,8,34 35 36 37 38 39 40 41,
DR,dorsal raphe nucleus,37–38,37–38,37,38,2,37 38,
DRC,"dorsal raphe nucleus, caudal part",43–44,43–44,43,44,2,43 44,
DRD,"dorsal raphe nucleus, dorsal part",39–42,39–42,39,42,4,39 40 41 42,
DRL,"dorsal raphe nucleus, lateral part",39–41,39–41,39,41,3,39 40 41,
DRV,"dorsal raphe nucleus, ventral part",39–42,39–42,39,42,4,39 40 41 42,
DS,dorsal subiculum,33–36,33–36,33,36,4,33 34 35 36,
dsc,dorsal spinocerebellar tract,52–62,52–62,52,62,11,52 53 54 55 56 57 58 59 60 61 62,
DTg,dorsal tegmental nucleus,44,44,44,44,1,44,
DTgC,"dorsal tegmental nucleus, central part",43,43,43,43,1,43,
DTgP,"dorsal tegmental nucleus, pericentral part",43,43,43,43,1,43,
dtgx,dorsal tegmental decussation,36–37,36–37,36,37,2,36 37,
Dtr,dorsal transition zone,12–15,12–15,12,15,4,12 13 14 15,
DTT,dorsal tenia tecta,11–18,11–18,11,18,8,11 12 13 14 15 16 17 18,
dVNLL,"ventral nucleus of the lateral lemniscus, dorsal part",41–42,41–42,41,42,2,41 42,
E,ependyma and subependymal layer,1–23,1–23,1,23,23,1 2 3 4 5 6 7 8 9 10 11 12 13 14 15 16 17 18 19 20 21 22 23,
EA,sublenticular extended amygdala,26,26,26,26,1,26,
EAC,"sublenticular extended amygdala, central part",25,25,25,25,1,25,
ec,external capsule,19–30,19–30,19,30,12,19 20 21 22 23 24 25 26 27 28 29 30,
ECIC,external cortex of the inferior colliculus,38–44,38–44,38,44,7,38 39 40 41 42 43 44,
Ect,ectorhinal cortex,28–42,28–42,28,42,15,28 29 30 31 32 33 34 35 36 37 38 39 40 41 42,
ECu,external cuneate nucleus,52–56,52–56,52,56,5,52 53 54 55 56,
eml,external medullary lamina,28–30,28–30,28,30,3,28 29 30,
Ent,entorhinal cortex,42,42,42,42,1,42,
EP,entopeduncular nucleus,27–28,27–28,27,28,2,27 28,
EPl,external plexiform layer of the olfactory bulb,1–9,1–9,1,9,9,1 2 3 4 5 6 7 8 9,
EPlA,external plexiform layer of the accessory olfactory bulb,5–9,5–9,5,9,5,5 6 7 8 9,
Eth,ethmoid thalamic nucleus,32,32,32,32,1,32,
EVe,nucleus of origin of efferents of the vestibular nerve,47,47,47,47,1,47,
EW,Edinger–Westphal nucleus,36–38,36–38,36,38,3,36 37 38,
F,nucleus of the fields of Forel,32–34,32–34,32,34,3,32 33 34,
f,fornix,23–32,23–32,23,32,10,23 24 25 26 27 28 29 30 31 32,
FC,fasciola cinereum,29–33,29–33,29,33,5,29 30 31 32 33,
fi,fimbria of the hippocampus,22–30,22–30,22,30,9,22 23 24 25 26 27 28 29 30,
Fl,flocculus,43–48,43–48,43,48,6,43 44 45 46 47 48,
fmi,forceps minor of the corpus callosum,13–18,13–18,13,18,6,13 14 15 16 17 18,
fmj,forceps major of the corpus callosum,34–39,34–39,34,39,6,34 35 36 37 38 39,
fr,fasciculus retroflexus,27–36,27–36,27,36,10,27 28 29 30 31 32 33 34 35 36,
Fr3,"frontal cortex, area 3",11–17,11–17,11,17,7,11 12 13 14 15 16 17,
FrA,frontal association cortex,7–9,7–9,7,9,3,7 8 9,
Fu,"bed nucleus of stria terminalis, fusiform part",23,23,23,23,1,23,
FVe,F cell group of the vestibular complex,52,52,52,52,1,52,
g7,genu of the facial nerve,46–48,46–48,46,48,3,46 47 48,
Gca,"globular cell area, ventral cochlear nucleus",46–49,46–49,46,49,4,46 47 48 49,
gcc,genu of the corpus callosum,19,19,19,19,1,19,
Ge5,gelatinous layer of the caudal spinal trigeminal nucleus,57–62,57–62,57,62,6,57 58 59 60 61 62,
GI,granular insular cortex,13–27,13–27,13,27,15,13 14 15 16 17 18 19 20 21 22 23 24 25 26 27,
Gi,gigantocellular reticular nucleus,47–54,47–54,47,54,8,47 48 49 50 51 52 53 54,
GiA,"gigantocellular reticular nucleus, alpha part",48–51,48–51,48,51,4,48 49 50 51,
GiV,"gigantocellular reticular nucleus, ventral part",51–52,51–52,51,52,2,51 52,
Gl,glomerular layer of the olfactory bulb,1–11,1–11,1,11,11,1 2 3 4 5 6 7 8 9 10 11,
GlA,glomerular layer of the accessory olfactory bulb,5–10,5–10,5,10,6,5 6 7 8 9 10,
GP,globus pallidus,24–29,24–29,24,29,6,24 25 26 27 28 29,
Gr,gracile nucleus,54–62,54–62,54,62,9,54 55 56 57 58 59 60 61 62,
gr,gracile fasciculus,54–62,54–62,54,62,9,54 55 56 57 58 59 60 61 62,
GrA,granule cell layer of the accessory olfactory bulb,3–10,3–10,3,10,8,3 4 5 6 7 8 9 10,
GrC,granule cell layer of cochlear nuclei,43–50,43–50,43,50,8,43 44 45 46 47 48 49 50,
GrDG,granular layer of the dentate gyrus,27–36,27–36,27,36,10,27 28 29 30 31 32 33 34 35 36,
GrO,granular cell layer of the olfactory bulb,1–10,1–10,1,10,10,1 2 3 4 5 6 7 8 9 10,
hbc,habenular commissure,31–32,31–32,31,32,2,31 32,
HDB,nucleus of the horizontal limb of the diagonal band,20–25,20–25,20,25,6,20 21 22 23 24 25,
hif,hippocampal fissure,30–34,30–34,30,34,5,30 31 32 33 34,
I,intercalated nuclei of the amygdala,23–29,23–29,23,29,7,23 24 25 26 27 28 29,
IAD,interanterodorsal thalamic nucleus,26–27,26–27,26,27,2,26 27,
IAM,interanteromedial thalamic nucleus,27,27,27,27,1,27,
IB,interstitial nucleus of the medulla,57–62,57–62,57,62,6,57 58 59 60 61 62,
ic,internal capsule,23–30,23–30,23,30,8,23 24 25 26 27 28 29 30,
icf,intercrural fissure,49–54,49–54,49,54,6,49 50 51 52 53 54,
ICj,islands of Calleja,16–22,16–22,16,22,7,16 17 18 19 20 21 22,
ICjM,"islands of Calleja, major island",20–21,20–21,20,21,2,20 21,
icp,inferior cerebellar peduncle (restiform body),46–53,46–53,46,53,8,46 47 48 49 50 51 52 53,
IEn,intermediate endopiriform nucleus,12–24,12–24,12,24,13,12 13 14 15 16 17 18 19 20 21 22 23 24,
IF,interfascicular nucleus,35–38,35–38,35,38,4,35 36 37 38,
IG,indusium griseum,18–33,18–33,18,33,16,18 19 20 21 22 23 24 25 26 27 28 29 30 31 32 33,
IL,infralimbic cortex,14–18,14–18,14,18,5,14 15 16 17 18,
IM,"intercalated amygdaloid nucleus, main part",26,26,26,26,1,26,
IMD,intermediodorsal thalamic nucleus,28–30,28–30,28,30,3,28 29 30,
IMG,amygdaloid intramedullary gray,27–28,27–28,27,28,2,27 28,
iml,internal medullary lamina,26,26,26,26,1,26,
imvc,intermedioventral thalamic commissure,29–30,29–30,29,30,2,29 30,
InC,interstitial nucleus of Cajal,33–38,33–38,33,38,6,33 34 35 36 37 38,
InG,intermediate gray layer of the superior colliculus,33–41,33–41,33,41,9,33 34 35 36 37 38 39 40 41,
INLL,intermediate nucleus of the lateral lemniscus,40–42,40–42,40,42,3,40 41 42,
IntA,"interposed cerebellar nucleus, anterior part",47–49,47–49,47,49,3,47 48 49,
IntDL,"interposed cerebellar nucleus, dorsolateral hump",47–50,47–50,47,50,4,47 48 49 50,
IntDM,"interposed cerebellar nucleus, dorsomedial crest",48–50,48–50,48,50,3,48 49 50,
IntP,"interposed cerebellar nucleus, posterior part",49–50,49–50,49,50,2,49 50,
IntPPC,"interposed cerebellar nucleus, posterior parvicellular part",49–50,49–50,49,50,2,49 50,
InWh,intermediate white layer of the superior colliculus,33–41,33–41,33,41,9,33 34 35 36 37 38 39 40 41,
IOA,"inferior olive, subnucleus A of medial nucleus",57–58,57–58,57,58,2,57 58,
IOB,"inferior olive, subnucleus B of medial nucleus",56–58,56–58,56,58,3,56 57 58,
IOBe,"inferior olive, beta subnucleus",56–58,56–58,56,58,3,56 57 58,
IOC,"inferior olive, subnucleus C of medial nucleus",56–58,56–58,56,58,3,56 57 58,
IOD,"inferior olive, dorsal nucleus",52–56,52–56,52,56,5,52 53 54 55 56,
IODM,"inferior olive, dorsomedial cell group",52–55,52–55,52,55,4,52 53 54 55,
IOK,"inferior olive, cap of Kooy of the medial nucleus",56–57,56–57,56,57,2,56 57,
IOM,"inferior olive, medial nucleus",52–55,52–55,52,55,4,52 53 54 55,
IOPr,"inferior olive, principal nucleus",52–56,52–56,52,56,5,52 53 54 55 56,
IPAC,interstitial nucleus of the posterior limb of the anterior commissure,22–25,22–25,22,25,4,22 23 24 25,
IPC,"interpeduncular nucleus, caudal subnucleus",37–40,37–40,37,40,4,37 38 39 40,
IPD,"interpeduncular nucleus, dorsal subnucleus",38,38,38,38,1,38,
IPF,interpeduncular fossa,36,36,36,36,1,36,
IPI,"interpeduncular nucleus, intermediate subnucleus",38–39,38–39,38,39,2,38 39,
IPL,"interpeduncular nucleus, lateral subnucleus",37–39,37–39,37,39,3,37 38 39,
IPl,internal plexiform layer of the olfactory bulb,1–10,1–10,1,10,10,1 2 3 4 5 6 7 8 9 10,
IPR,"interpeduncular nucleus, rostral subnucleus",37–38,37–38,37,38,2,37 38,
IRt,intermediate reticular nucleus,46–62,46–62,46,62,17,46 47 48 49 50 51 52 53 54 55 56 57 58 59 60 61 62,
isRt,isthmic reticular formation,39–42,39–42,39,42,4,39 40 41 42,
IVF,interventricular foramen,25–,25,25,25,1,25,"printed with a dash and no second plate; left at plate 25, nothing being printed past it; the Index of structures leaves the range open as ""25-"""
KF,Kölliker–Fuse nucleus,43–44,43–44,43,44,2,43 44,
LA,lateroanterior hypothalamic nucleus,25–26,25–26,25,26,2,25 26,
La,lateral amygdaloid nucleus,26–31,26–31,26,31,6,26 27 28 29 30 31,
LAcbSh,lateral accumbens shell,19–21,19–21,19,21,3,19 20 21,
LaD,"lateral amygdaloid nucleus, dorsal part",27–30,27–30,27,30,4,27 28 29 30,
Lat,lateral (dentate) cerebellar nucleus,46–49,46–49,46,49,4,46 47 48 49,
LatPC,"lateral cerebellar nucleus, parvicellular part",46–48,46–48,46,48,3,46 47 48,
LaV,"lateral amygdaloid nucleus, ventral part",27–30,27–30,27,30,4,27 28 29 30,
LC,locus coeruleus,44–45,44–45,44,45,2,44 45,
Ld,lambdoid septal zone,19–21,19–21,19,21,3,19 20 21,
LDDM,"laterodorsal thalamic nucleus, dorsomedial part",27–28,27–28,27,28,2,27 28,
LDTg,laterodorsal tegmental nucleus,42–44,42–44,42,44,3,42 43 44,
LDTgV,"laterodorsal tegmental nucleus, ventral part",43,43,43,43,1,43,
LDVL,"laterodorsal thalamic nucleus, ventrolateral part",27–29,27–29,27,29,3,27 28 29,
LEnt,lateral entorhinal cortex,29–41,29–41,29,41,13,29 30 31 32 33 34 35 36 37 38 39 40 41,
lfp,longitudinal fasciculus of the pons,40–43,40–43,40,43,4,40 41 42 43,
LHb,lateral habenular nucleus,28–31,28–31,28,31,4,28 29 30 31,
LHbL,"lateral habenular nucleus, lateral part",29–30,29–30,29,30,2,29 30,
LHbM,"lateral habenular nucleus, medial part",29–30,29–30,29,30,2,29 30,
Li,linear nucleus of the medulla,51–53,51–53,51,53,3,51 52 53,
ll,lateral lemniscus,39–43,39–43,39,43,5,39 40 41 42 43,
LM,lateral mammillary nucleus,33–35,33–35,33,35,3,33 34 35,
LMol,lacunosum moleculare layer of the hippocampus,29–36,29–36,29,36,8,29 30 31 32 33 34 35 36,
LNTB,lateral nucleus of the trapezoid body,44–47,44–47,44,47,4,44 45 46 47,
LO,lateral orbital cortex,8–16,8–16,8,16,9,8 9 10 11 12 13 14 15 16,
lo,lateral olfactory tract,5–25,5–25,5,25,21,5 6 7 8 9 10 11 12 13 14 15 16 17 18 19 20 21 22 23 24 25,
LOT,nucleus of the lateral olfactory tract,25–26,25–26,25,26,2,25 26,
LPAG,lateral periaqueductal gray,35–42,35–42,35,42,8,35 36 37 38 39 40 41 42,
LPB,lateral parabrachial nucleus,45,45,45,45,1,45,
LPBC,"lateral parabrachial nucleus, central part",43–44,43–44,43,44,2,43 44,
LPBCr,"lateral parabrachial nucleus, crescent part",44,44,44,44,1,44,
LPBI,"lateral parabrachial nucleus, internal part",43–45,43–45,43,45,3,43 44 45,
LPGi,lateral paragigantocellular nucleus,51–53,51–53,51,53,3,51 52 53,
LPGiA,"lateral paragigantocellular nucleus, alpha part",48–50,48–50,48,50,3,48 49 50,
LPGiE,"lateral paragigantocellular nucleus, external part",48–50,48–50,48,50,3,48 49 50,
LPLC,"lateral posterior thalamic nucleus, laterocaudal part",32–33,32–33,32,33,2,32 33,
LPLR,"lateral posterior thalamic nucleus, laterorostral part",29–31,29–31,29,31,3,29 30 31,
LPMC,"lateral posterior thalamic nucleus, mediocaudal part",32–34,32–34,32,34,3,32 33 34,
LPMR,"lateral posterior thalamic nucleus, mediorostral part",29–32,29–32,29,32,4,29 30 31 32,
LPO,lateral preoptic area,22–25,22–25,22,25,4,22 23 24 25,
LPtA,lateral parietal association cortex,28–30,28–30,28,30,3,28 29 30,
LR4V,lateral recess of the 4th ventricle,45–51,45–51,45,51,7,45 46 47 48 49 50 51,
LRt,lateral reticular nucleus,54–59,54–59,54,59,6,54 55 56 57 58 59,
LRtPC,"lateral reticular nucleus, parvicellular part",56–58,56–58,56,58,3,56 57 58,
LRtS5,"lateral reticular nucleus, subtrigeminal part",55–56,55–56,55,56,2,55 56,
LSD,"lateral septal nucleus, dorsal part",19–25,19–25,19,25,7,19 20 21 22 23 24 25,
LSI,"lateral septal nucleus, intermediate part",18–23,18–23,18,23,6,18 19 20 21 22 23,
LSO,lateral superior olive,45–47,45–47,45,47,3,45 46 47,
LSS,lateral stripe of the striatum,21–23,21–23,21,23,3,21 22 23,
LSV,"lateral septal nucleus, ventral part",19–23,19–23,19,23,5,19 20 21 22 23,
LT,lateral terminal nucleus of the accessory optic tract,33,33,33,33,1,33,
LTer,lemina terminalis,24,24,24,24,1,24,
Lth,lithoid nucleus,33,33,33,33,1,33,
LV,lateral ventricle,17–32,17–32,17,32,16,17 18 19 20 21 22 23 24 25 26 27 28 29 30 31 32,
LVe,lateral vestibular nucleus,47–49,47–49,47,49,3,47 48 49,
LVPO,lateroventral periolivary nucleus,44–47,44–47,44,47,4,44 45 46 47,
M1,primary motor cortex,11–28,11–28,11,28,18,11 12 13 14 15 16 17 18 19 20 21 22 23 24 25 26 27 28,
M2,secondary motor cortex,10–28,10–28,10,28,19,10 11 12 13 14 15 16 17 18 19 20 21 22 23 24 25 26 27 28,
m5,motor root of the trigeminal nerve,43–45,43–45,43,45,3,43 44 45,
MA3,medial accessory oculomotor nucleus,34–35,34–35,34,35,2,34 35,
mcer,middle cerebral artery,23,23,23,23,1,23,
mch,medial corticohypothalamic tract,25,25,25,25,1,25,
MCLH,magnocellular nucleus of the lateral hypothalamus,29,29,29,29,1,29,
mcp,middle cerebellar peduncle,40–46,40–46,40,46,7,40 41 42 43 44 45 46,
MCPC,magnocellular nucleus of the posterior commissure,33–34,33–34,33,34,2,33 34,
MCPO,magnocellular preoptic nucleus,23–25,23–25,23,25,3,23 24 25,
MD,mediodorsal thalamic nucleus,27,27,27,27,1,27,
MDC,"mediodorsal thalamic nucleus, central part",28–30,28–30,28,30,3,28 29 30,
MdD,"medullary reticular nucleus, dorsal part",55–62,55–62,55,62,8,55 56 57 58 59 60 61 62,
MDL,"mediodorsal thalamic nucleus, lateral part",28–30,28–30,28,30,3,28 29 30,
MDM,"mediodorsal thalamic nucleus, medial part",28–30,28–30,28,30,3,28 29 30,
MdV,"medullary reticular nucleus, ventral part",55–62,55–62,55,62,8,55 56 57 58 59 60 61 62,
ME,median eminence,30–32,30–32,30,32,3,30 31 32,
Me5,mesencephalic trigeminal nucleus,38–45,38–45,38,45,8,38 39 40 41 42 43 44 45,
me5,mesencephalic trigeminal tract,43–45,43–45,43,45,3,43 44 45,
MeAD,"medial amygdaloid nucleus, anterodorsal part",26–27,26–27,26,27,2,26 27,
MeAV,"medial amygdaloid nucleus, anteroventral part",27,27,27,27,1,27,
Med,medial (fastigial) cerebellar nucleus,47–50,47–50,47,50,4,47 48 49 50,
MedDL,"medial cerebellar nucleus, dorsolateral protuberance",49–50,49–50,49,50,2,49 50,
MedL,"medial cerebellar nucleus, lateral part",49–50,49–50,49,50,2,49 50,
MEnt,medial entorhinal cortex,34–41,34–41,34,41,8,34 35 36 37 38 39 40 41,
MePD,"medial amygdaloid nucleus, posterodorsal part",27–29,27–29,27,29,3,27 28 29,
MePV,"medial amygdaloid nucleus, posteroventral part",28–29,28–29,28,29,2,28 29,
mfb,medial forebrain bundle,19–32,19–32,19,32,14,19 20 21 22 23 24 25 26 27 28 29 30 31 32,
MGD,"medial geniculate nucleus, dorsal part",33–36,33–36,33,36,4,33 34 35 36,
MGM,"medial geniculate nucleus, medial part",33–36,33–36,33,36,4,33 34 35 36,
MGV,"medial geniculate nucleus, ventral part",33–36,33–36,33,36,4,33 34 35 36,
MHb,medial habenular nucleus,27–31,27–31,27,31,5,27 28 29 30 31,
Mi,mitral cell layer of the olfactory bulb,1–10,1–10,1,10,10,1 2 3 4 5 6 7 8 9 10,
MiA,mitral cell layer of the accessory olfactory bulb,5–9,5–9,5,9,5,5 6 7 8 9,
MiTg,microcellular tegmental nucleus,38–39,38–39,38,39,2,38 39,
ML,"medial mammillary nucleus, lateral part",34–36,34–36,34,36,3,34 35 36,
ml,medial lemniscus,28–54,28–54,28,54,27,28 29 30 31 32 33 34 35 36 37 38 39 40 41 42 43 44 45 46 47 48 49 50 51 52 53 54,
mlf,medial longitudinal fasciculus,37–62,37–62,37,62,26,37 38 39 40 41 42 43 44 45 46 47 48 49 50 51 52 53 54 55 56 57 58 59 60 61 62,
mlx,medial lemniscal decussation,56,56,56,56,1,56,
MM,"medial mammillary nucleus, medial part",34–35,34–35,34,35,2,34 35,
MnA,median accessory nucleus of the medulla,59–62,59–62,59,62,4,59 60 61 62,
MnM,"medial mammillary nucleus, median part",34–,34,34,34,1,34,"printed with a dash and no second plate; left at plate 34, nothing being printed past it; the Index of structures leaves the range open as ""34-"""
MnPO,median preoptic nucleus,22–24,22–24,22,24,3,22 23 24,
MnR,median raphe nucleus,39–43,39–43,39,43,5,39 40 41 42 43,
MNTB,medial nucleus of the trapezoid body,43–47,43–47,43,47,5,43 44 45 46 47,
MO,medial orbital cortex,8–14,8–14,8,14,7,8 9 10 11 12 13 14,
MoDG,molecular layer of the dentate gyrus,27–37,27–37,27,37,11,27 28 29 30 31 32 33 34 35 36 37,
MoS,molecular layer of the subiculum,37,37,37,37,1,37,
mp,mammillary peduncle,35–36,35–36,35,36,2,35 36,
MPA,medial preoptic area,22–25,22–25,22,25,4,22 23 24 25,
MPB,medial parabrachial nucleus,43–45,43–45,43,45,3,43 44 45,
MPBE,"medial parabrachial nucleus, external part",44,44,44,44,1,44,
MPL,"paralemniscal nucleus, medial part",41–42,41–42,41,42,2,41 42,
MPO,medial preoptic nucleus,24–25,24–25,24,25,2,24 25,
MPT,medial pretectal nucleus,32,32,32,32,1,32,
MPtA,medial parietal association cortex,28–30,28–30,28,30,3,28 29 30,
MRe,mammillary recess of the 3rd ventricle,34,34,34,34,1,34,
mRt,mesencehalic reticular formation,36–38,36–38,36,38,3,36 37 38,
MS,medial septal nucleus,19–23,19–23,19,23,5,19 20 21 22 23,
MSO,medial superior olive,44–47,44–47,44,47,4,44 45 46 47,
MT,medial terminal nucleus of the accessory optic tract,35,35,35,35,1,35,
mt,mammillothalamic tract,27–33,27–33,27,33,7,27 28 29 30 31 32 33,
mtg,mammillotegmental tract,33,33,33,33,1,33,
MTu,medial tuberal nucleus,29–31,29–31,29,31,3,29 30 31,
MVe,medial vestibular nucleus,53,53,53,53,1,53,
MVeMC,"medial vestibular nucleus, magnocellular part",46–52,46–52,46,52,7,46 47 48 49 50 51 52,
MVePC,"medial vestibular nucleus, parvicellular part",46–52,46–52,46,52,7,46 47 48 49 50 51 52,
MVPO,medioventral periolivary nucleus,44–47,44–47,44,47,4,44 45 46 47,
Mx,matrix region of the medulla,50–59,50–59,50,59,10,50 51 52 53 54 55 56 57 58 59,
MZMG,marginal zone of the medial geniculate,33–35,33–35,33,35,3,33 34 35,
ns,nigrostriatal bundle,27–33,27–33,27,33,7,27 28 29 30 31 32 33,
Nv,navicular nucleus of the basal forebrain,17–18,17–18,17,18,2,17 18,
Obex,obex,57,57,57,57,1,57,
oc,olivocerebellar tract,50–54,50–54,50,54,5,50 51 52 53 54,
Oca,"octopus cell area, ventral cochlear nucleus",47–49,47–49,47,49,3,47 48 49,
ocb,olivocochlear bundle,46–47,46–47,46,47,2,46 47,
och,optic chiasm,21–25,21–25,21,25,5,21 22 23 24 25,
ON,olfactory nerve layer,1–8,1–8,1,8,8,1 2 3 4 5 6 7 8,
Op,optic nerve layer of the superior colliculus,33–40,33–40,33,40,8,33 34 35 36 37 38 39 40,
OPC,oval paracentral thalamic nucleus,29–31,29–31,29,31,3,29 30 31,
OPT,olivary pretectal nucleus,32–33,32–33,32,33,2,32 33,
opt,optic tract,26–33,26–33,26,33,8,26 27 28 29 30 31 32 33,
Or,oriens layer of the hippocampus,27–36,27–36,27,36,10,27 28 29 30 31 32 33 34 35 36,
OT,nucleus of the optic tract,32–35,32–35,32,35,4,32 33 34 35,
OV,olfactory ventricle (olfactory part of lateral ventricle),1–16,1–16,1,16,16,1 2 3 4 5 6 7 8 9 10 11 12 13 14 15 16,
p1PAG,p1 periaqueductal gray,32–34,32–34,32,34,3,32 33 34,
p1Rt,p1 reticular formation,32–35,32–35,32,35,4,32 33 34 35,
P5,peritrigeminal zone,43–46,43–46,43,46,4,43 44 45 46,
P7,perifacial zone,48–51,48–51,48,51,4,48 49 50 51,
Pa4,paratrochlear nucleus,40–41,40–41,40,41,2,40 41,
Pa5,paratrigeminal nucleus,54–57,54–57,54,57,4,54 55 56 57,
Pa6,paraabducens nucleus,46–47,46–47,46,47,2,46 47,
PaAP,"paraventricular hypothalamic nucleus, anterior parvicellular part",25–26,25–26,25,26,2,25 26,
PaMM,"paraventricular hypothalamic nucleus, medial magnocellular part",27–28,27–28,27,28,2,27 28,
PaMP,"paraventricular hypothalamic nucleus, medial parvicellular part",27,27,27,27,1,27,
PaPo,"paraventricular hypothalamic nucleus, posterior part",28,28,28,28,1,28,
PaR,pararubral nucleus,35–38,35–38,35,38,4,35 36 37 38,
PaS,parasubiculum,35–42,35–42,35,42,8,35 36 37 38 39 40 41 42,
PaV,"paraventricular hypothalamic nucleus, ventral part",27,27,27,27,1,27,
PaXi,paraxiphoid nucleus of thalamus,27–29,27–29,27,29,3,27 28 29,
PBG,parabigeminal nucleus,38–40,38–40,38,40,3,38 39 40,
PBP,parabrachial pigmented nucleus of the ventral tegmental area,33–37,33–37,33,37,5,33 34 35 36 37,
PC,paracentral thalamic nucleus,27–30,27–30,27,30,4,27 28 29 30,
pc,posterior commissure,32–34,32–34,32,34,3,32 33 34,
PCGS,paracochlear glial substance,46,46,46,46,1,46,
pcn,precentral fissure,43–46,43–46,43,46,4,43 44 45 46,
PCom,nucleus of the posterior commissure,33–34,33–34,33,34,2,33 34,
PCRt,parvicellular reticular nucleus,46–54,46–54,46,54,9,46 47 48 49 50 51 52 53 54,
pcuf,preculminate fissure,43–47,43–47,43,47,5,43 44 45 46 47,
PDR,posterodorsal raphe nucleus,39–42,39–42,39,42,4,39 40 41 42,
PDTg,posterodorsal tegmental nucleus,45,45,45,45,1,45,
Pe,periventricular hypothalamic nucleus,23–30,23–30,23,30,8,23 24 25 26 27 28 29 30,
PeF,perifornical nucleus,29–30,29–30,29,30,2,29 30,
PeFLH,perifornical part of lateral hypothalamus,29–32,29–32,29,32,4,29 30 31 32,
PF,parafascicular thalamic nucleus,31–32,31–32,31,32,2,31 32,
PFl,paraflocculus,43–50,43–50,43,50,8,43 44 45 46 47 48 49 50,
pfs,parafloccular sulcus,44–50,44–50,44,50,7,44 45 46 47 48 49 50,
PH,posterior hypothalamic nucleus,31–32,31–32,31,32,2,31 32,
PHA,posterior hypothalamic area,33,33,33,33,1,33,
PHD,"posterior hypothalamic area, dorsal part",30–31,30–31,30,31,2,30 31,
PIF,parainterfascicular nucleus of the ventral tegmental area,36–37,36–37,36,37,2,36 37,
PIL,posterior intralaminar thalamic nucleus,33–35,33–35,33,35,3,33 34 35,
Pir,piriform cortex,11–33,11–33,11,33,23,11 12 13 14 15 16 17 18 19 20 21 22 23 24 25 26 27 28 29 30 31 32 33,
PL,paralemniscal nucleus,40–42,40–42,40,42,3,40 41 42,
PLCo,posterolateral cortical amygdaloid nucleus,27–29,27–29,27,29,3,27 28 29,
plf,posterolateral fissure,43–55,43–55,43,55,13,43 44 45 46 47 48 49 50 51 52 53 54 55,
PLH,peduncular part of lateral hypothalamus,26–33,26–33,26,33,8,26 27 28 29 30 31 32 33,
PLi,posterior limitans thalamic nucleus,33–35,33–35,33,35,3,33 34 35,
PLV,"perilemniscal nucleus, ventral part",41–43,41–43,41,43,3,41 42 43,
PM,paramedian lobule,49–56,49–56,49,56,8,49 50 51 52 53 54 55 56,
pm,principal mammillary tract,33–34,33–34,33,34,2,33 34,
PMCo,posteromedial cortical amygdaloid nucleus,29–33,29–33,29,33,5,29 30 31 32 33,
PMD,"premammillary nucleus, dorsal part",33,33,33,33,1,33,
PMnR,paramedian raphe nucleus,39–42,39–42,39,42,4,39 40 41 42,
pms,paramedian sulcus,50–55,50–55,50,55,6,50 51 52 53 54 55,
PMV,"premammillary nucleus, ventral part",32–33,32–33,32,33,2,32 33,
PN,paranigral nucleus of the ventral tegmental area,36–37,36–37,36,37,2,36 37,
Pn,pontine nuclei,39–42,39–42,39,42,4,39 40 41 42,
PnC,"pontine reticular nucleus, caudal part",44–47,44–47,44,47,4,44 45 46 47,
PnO,"pontine reticular nucleus, oral part",39–43,39–43,39,43,5,39 40 41 42 43,
PnR,pontine raphe nucleus,43,43,43,43,1,43,
PnV,"pontine reticular nucleus, ventral part",45–47,45–47,45,47,3,45 46 47,
Po,posterior thalamic nuclear group,28–33,28–33,28,33,6,28 29 30 31 32 33,
PoDG,polymorph layer of the dentate gyrus,28–35,28–35,28,35,8,28 29 30 31 32 33 34 35,
PoMn,posteromedian thalamic nucleus,31,31,31,31,1,31,
Post,postsubiculum,35–40,35–40,35,40,6,35 36 37 38 39 40,
PoT,"posterior thalamic nuclear group, triangular part",33–35,33–35,33,35,3,33 34 35,
PP,peripeduncular nucleus,33–35,33–35,33,35,3,33 34 35,
ppf,prepyramidal fissure,51–56,51–56,51,56,6,51 52 53 54 55 56,
PPT,posterior pretectal nucleus,33–35,33–35,33,35,3,33 34 35,
PPy,parapyramidal nucleus,49–50,49–50,49,50,2,49 50,
PR,prerubral field,31–34,31–34,31,34,4,31 32 33 34,
Pr,prepositus nucleus,47–53,47–53,47,53,7,47 48 49 50 51 52 53,
Pr5DM,"principal sensory trigeminal nucleus, dorsomedial part",44–47,44–47,44,47,4,44 45 46 47,
Pr5VL,"principal sensory trigeminal nucleus, ventrolateral part",43–47,43–47,43,47,5,43 44 45 46 47,
PrC,precommissural nucleus,31–33,31–33,31,33,3,31 32 33,
PrCnF,precuneiform area,38–41,38–41,38,41,4,38 39 40 41,
PrEW,pre-Edinger–Westphal nucleus,34–35,34–35,34,35,2,34 35,
prf,primary fissure,43–50,43–50,43,50,8,43 44 45 46 47 48 49 50,
PRh,perirhinal cortex,28–42,28–42,28,42,15,28 29 30 31 32 33 34 35 36 37 38 39 40 41 42,
PrL,prelimbic cortex,9–18,9–18,9,18,10,9 10 11 12 13 14 15 16 17 18,
PrS,presubiculum,35–38,35–38,35,38,4,35 36 37 38,
PS,parastrial nucleus,23–24,23–24,23,24,2,23 24,
psf,posterior superior fissure,43–54,43–54,43,54,12,43 44 45 46 47 48 49 50 51 52 53 54,
PSol,parasolitary nucleus,54–55,54–55,54,55,2,54 55,
PSTh,parasubthalamic nucleus,32,32,32,32,1,32,
PT,paratenial thalamic nucleus,25–27,25–27,25,27,3,25 26 27,
Pta,pericollicular tegmental area,39–43,39–43,39,43,5,39 40 41 42 43,
PTe,paraterete nucleus,29–30,29–30,29,30,2,29 30,
PTg,pedunculopontine tegmental nucleus,38–42,38–42,38,42,5,38 39 40 41 42,
PtP,"parietal cortex, posterior area",28–31,28–31,28,31,4,28 29 30 31,
PV,paraventricular thalamic nucleus,27–28,27–28,27,28,2,27 28,
PVA,"paraventricular thalamic nucleus, anterior part",25–26,25–26,25,26,2,25 26,
PVP,"paraventricular thalamic nucleus, posterior part",29–31,29–31,29,31,3,29 30 31,
Py,pyramidal cell layer of the hippocampus,27–36,27–36,27,36,10,27 28 29 30 31 32 33 34 35 36,
py,pyramidal tract,43–58,43–58,43,58,16,43 44 45 46 47 48 49 50 51 52 53 54 55 56 57 58,
pyx,pyramidal decussation,57–62,57–62,57,62,6,57 58 59 60 61 62,
Rad,radiatum layer of the hippocampus,28–36,28–36,28,36,9,28 29 30 31 32 33 34 35 36,
RAmb,retroambiguus nucleus,56–58,56–58,56,58,3,56 57 58,
RAPir,rostral amygdalopiriform area,28–30,28–30,28,30,3,28 29 30,
Rbd,rhabdoid nucleus,39,39,39,39,1,39,
RCh,retrochiasmatic area,27–28,27–28,27,28,2,27 28,
RChL,"retrochiasmatic area, lateral part",27,27,27,27,1,27,
Re,reuniens thalamic nucleus,26–30,26–30,26,30,5,26 27 28 29 30,
REth,retroethmoid nucleus,33,33,33,33,1,33,
rf,rhinal fissure,7–41,7–41,7,41,35,7 8 9 10 11 12 13 14 15 16 17 18 19 20 21 22 23 24 25 26 27 28 29 30 31 32 33 34 35 36 37 38 39 40 41,
Rh,rhomboid thalamic nucleus,27–30,27–30,27,30,4,27 28 29 30,
RI,rostral interstitial nucleus of medial longitudinal fasciculus,32–33,32–33,32,33,2,32 33,
ri,rhinal incisure,7–12,7–12,7,12,6,7 8 9 10 11 12,
RIP,raphe interpositus nucleus,46–48,46–48,46,48,3,46 47 48,
RLi,rostral linear nucleus of the raphe,35–35,35–35,35,36,2,35 36,"printed with a dash and no second plate; read as 35-36, the abbreviation being printed on plate 36 too"
RMC,"red nucleus, magnocellular part",35–38,35–38,35,38,4,35 36 37 38,
RMg,raphe magnus nucleus,44–51,44–51,44,51,8,44 45 46 47 48 49 50 51,
Ro,nucleus of Roller,52–56,52–56,52,56,5,52 53 54 55 56,
ROb,raphe obscurus nucleus,50–58,50–58,50,58,9,50 51 52 53 54 55 56 57 58,
RPa,raphe pallidus nucleus,43–58,43–58,43,58,16,43 44 45 46 47 48 49 50 51 52 53 54 55 56 57 58,
RPC,"red nucleus, parvicellular part",35–36,35–36,35,36,2,35 36,
RPO,rostral periolivary nucleus,44,44,44,44,1,44,
RR,retrorubral nucleus,39–40,39–40,39,40,2,39 40,
RRe,retrouniens area,31,31,31,31,1,31,
RRF,retrorubral field,37–39,37–39,37,39,3,37 38 39,
rs,rubrospinal tract,41–62,41–62,41,62,22,41 42 43 44 45 46 47 48 49 50 51 52 53 54 55 56 57 58 59 60 61 62,
RSD,retrosplenial dysgranular cortex,27–42,27–42,27,42,16,27 28 29 30 31 32 33 34 35 36 37 38 39 40 41 42,
RSG,retrosplenial granular cortex,40,40,40,40,1,40,
RSGa,"retrosplenial granular cortex, a region",35–39,35–39,35,39,5,35 36 37 38 39,
RSGb,"retrosplenial granular cortex, b region",32–39,32–39,32,39,8,32 33 34 35 36 37 38 39,
RSGc,"retrosplenial granular cortex, c region",27–36,27–36,27,36,10,27 28 29 30 31 32 33 34 35 36,
Rt,reticular thalamic nucleus,26–30,26–30,26,30,5,26 27 28 29 30,
RtSt,reticluostrial nucleus,26,26,26,26,1,26,
RtTg,reticulotegmental nucleus of the pons,41–45,41–45,41,45,5,41 42 43 44 45,
RtTgP,"reticulotegmental nucleus of the pons, pericentral part",41–42,41–42,41,42,2,41 42,
RVRG,rostral ventral respiratory group,53,53,53,53,1,53,
S1,primary somatosensory cortex,24–30,24–30,24,30,7,24 25 26 27 28 29 30,
S1BF,"primary somatosensory cortex, barrel field",20–28,20–28,20,28,9,20 21 22 23 24 25 26 27 28,
S1DZ,"primary somatosensory cortex, dysgranular zone",16–28,16–28,16,28,13,16 17 18 19 20 21 22 23 24 25 26 27 28,
S1DZO,"primary somatosensory cortex, oral dysgranular zone",18–19,18–19,18,19,2,18 19,
S1FL,"primary somatosensory cortex, forelimb region",15–24,15–24,15,24,10,15 16 17 18 19 20 21 22 23 24,
S1HL,"primary somatosensory cortex, hindlimb region",20–26,20–26,20,26,7,20 21 22 23 24 25 26,
S1J,"primary somatosensory cortex, jaw region",13–20,13–20,13,20,8,13 14 15 16 17 18 19 20,
S1Sh,"primary somatosensory cortex, shoulder region",25–26,25–26,25,26,2,25 26,
S1Tr,"primary somatosensory cortex, trunk region",27–28,27–28,27,28,2,27 28,
S1ULp,"primary somatosensory cortex, upper lip region",18–28,18–28,18,28,11,18 19 20 21 22 23 24 25 26 27 28,
S2,secondary somatosensory cortex,18–28,18–28,18,28,11,18 19 20 21 22 23 24 25 26 27 28,
s5,sensory root of the trigeminal nerve,42–47,42–47,42,47,6,42 43 44 45 46 47,
Sag,sagulum nucleus,41–43,41–43,41,43,3,41 42 43,
Sc,scaphoid thalamic nucleus,32,32,32,32,1,32,
Sca,"spherical cell area, ventral cochlear nucleus",43–46,43–46,43,46,4,43 44 45 46,
scc,splenium of the corpus callosum,31–33,31–33,31,33,3,31 32 33,
SCh,suprachiasmatic nucleus,25,25,25,25,1,25,
SChDL,"suprachiasmatic nucleus, dorsolateral part",26,26,26,26,1,26,
SChVM,"suprachiasmatic nucleus, ventromedial part",26,26,26,26,1,26,
SCO,subcommissural organ,32–34,32–34,32,34,3,32 33 34,
scp,superior cerebellar peduncle,41–49,41–49,41,49,9,41 42 43 44 45 46 47 48 49,
sf,secondary fissure,53–58,53–58,53,58,6,53 54 55 56 57 58,
SFi,septofimbrial nucleus,22–25,22–25,22,25,4,22 23 24 25,
SFO,subfornical organ,25,25,25,25,1,25,
SG,suprageniculate thalamic nucleus,33–36,33–36,33,36,4,33 34 35 36,
SGe,supragenual nucleus,46,46,46,46,1,46,
SHi,septohippocampal nucleus,18–25,18–25,18,25,8,18 19 20 21 22 23 24 25,
SIB,"substantia innominata, basal part",21–24,21–24,21,24,4,21 22 23 24,
Sim,simple lobule,43–49,43–49,43,49,7,43 44 45 46 47 48 49,
simf,simplex fissure,47–49,47–49,47,49,3,47 48 49,
SLu,stratum lucidum of the hippocampus,28–33,28–33,28,33,6,28 29 30 31 32 33,
sm,stria medullaris of the thalamus,25–30,25–30,25,30,6,25 26 27 28 29 30,
SMV,superior medullary velum,45–47,45–47,45,47,3,45 46 47,
SNC,"substantia nigra, compact part",33–38,33–38,33,38,6,33 34 35 36 37 38,
SNR,"substantia nigra, reticular part",33–38,33–38,33,38,6,33 34 35 36 37 38,
SO,supraoptic nucleus,23–27,23–27,23,27,5,23 24 25 26 27,
Sol,nucleus of the solitary tract,49–50,49–50,49,50,2,49 50,
sol,solitary tract,50–57,50–57,50,57,8,50 51 52 53 54 55 56 57,
SolC,"nucleus of the solitary tract, commissural part",55–62,55–62,55,62,8,55 56 57 58 59 60 61 62,
SolDL,"solitary nucleus, dorsolateral part",55–57,55–57,55,57,3,55 56 57,
SolM,"nucleus of the solitary tract, medial part",55–59,55–59,55,59,5,55 56 57 58 59,
SolV,"solitary nucleus, ventral part",55–57,55–57,55,57,3,55 56 57,
SolVL,"nucleus of the solitary tract, ventrolateral part",55–57,55–57,55,57,3,55 56 57,
sox,supraoptic decussation,26–32,26–32,26,32,7,26 27 28 29 30 31 32,
sp5,spinal trigeminal tract,48–62,48–62,48,62,15,48 49 50 51 52 53 54 55 56 57 58 59 60 61 62,
Sp5C,"spinal trigeminal nucleus, caudal part",55–62,55–62,55,62,8,55 56 57 58 59 60 61 62,
Sp5I,"spinal trigeminal nucleus, interpolar part",49–56,49–56,49,56,8,49 50 51 52 53 54 55 56,
Sp5O,"spinal trigeminal nucleus, oral part",48–51,48–51,48,51,4,48 49 50 51,
SPa,subparaventricular zone of the hypothalamus,27–28,27–28,27,28,2,27 28,
SPF,subparafascicular thalamic nucleus,31,31,31,31,1,31,
SPFPC,"subparafascicular thalamic nucleus, parvicellular part",31–32,31–32,31,32,2,31 32,
SPN,superior periolivary nucleus,44–47,44–47,44,47,4,44 45 46 47,
SPTg,subpeduncular tegmental nucleus,40–42,40–42,40,42,3,40 41 42,
SpVe,spinal vestibular nucleus,48–53,48–53,48,53,6,48 49 50 51 52 53,
ST,bed nucleus of the stria terminalis,22,22,22,22,1,22,
st,stria terminalis,23–31,23–31,23,31,9,23 24 25 26 27 28 29 30 31,
StA,strial part of the preoptic area,23,23,23,23,1,23,
STh,subthalamic nucleus,30–32,30–32,30,32,3,30 31 32,
STIA,"bed nucleus of the stria terminalis, intraamygdaloid division",28–29,28–29,28,29,2,28 29,
STLI,"bed nucleus of the stria terminalis, lateral division, intermediate part",24,24,24,24,1,24,
STLP,"bed nucleus of the stria terminalis, lateral division, posterior part",23–24,23–24,23,24,2,23 24,
STLV,"bed nucleus of the stria terminalis, lateral division, ventral part",23–24,23–24,23,24,2,23 24,
STMA,"bed nucleus of the stria terminalis, medial division, anterior part",23–24,23–24,23,24,2,23 24,
STMP,"bed nucleus of the stria terminalis, medial division, posterior part",25–26,25–26,25,26,2,25 26,
STMV,"bed nucleus of the stria terminalis, medial division, ventral part",23–24,23–24,23,24,2,23 24,
STr,"subiculum, transition area",37–38,37–38,37,38,2,37 38,
str,superior thalamic radiation,31–32,31–32,31,32,2,31 32,
Su3,supraoculomotor periaqueductal gray,36–39,36–39,36,39,4,36 37 38 39,
Su3C,supraoculomotor cap,36–36,36–36,36,37,2,36 37,"printed with a dash and no second plate; read as 36-37, the abbreviation being printed on plate 37 too"
Su5,supratrigeminal nucleus,43–45,43–45,43,45,3,43 44 45,
Sub,submedius thalamic nucleus,30,30,30,30,1,30,
SubB,subbrachial nucleus,36–38,36–38,36,38,3,36 37 38,
SubCA,"subcoeruleus nucleus, alpha part",44,44,44,44,1,44,
SubCD,"subcoeruleus nucleus, dorsal part",43–45,43–45,43,45,3,43 44 45,
SubCV,"subcoeruleus nucleus, ventral part",43–45,43–45,43,45,3,43 44 45,
SubD,"submedius thalamic nucleus, dorsal part",28–29,28–29,28,29,2,28 29,
SubG,subgeniculate nucleus,31–32,31–32,31,32,2,31 32,
SubI,subincertal nucleus,29–30,29–30,29,30,2,29 30,
SubV,"submedius thalamic nucleus, ventral part",28–29,28–29,28,29,2,28 29,
SuG,superficial gray layer of the superior colliculus,33–41,33–41,33,41,9,33 34 35 36 37 38 39 40 41,
SuML,"supramammillary nucleus, lateral part",33–34,33–34,33,34,2,33 34,
SuMM,"supramammillary nucleus, medial part",33–34,33–34,33,34,2,33 34,
sumx,supramammillary decussation,34,34,34,34,1,34,
SuVe,superior vestibular nucleus,46–47,46–47,46,47,2,46 47,
Te,terete hypothalamic nucleus,31,31,31,31,1,31,
TeA,temporal association cortex,37–39,37–39,37,39,3,37 38 39,
tfp,transverse fibers of the pons,39,39,39,39,1,39,
TG,tectal gray,33–35,33–35,33,35,3,33 34 35,
TS,triangular septal nucleus,24–25,24–25,24,25,2,24 25,
ts,tectospinal tract,39–62,39–62,39,62,24,39 40 41 42 43 44 45 46 47 48 49 50 51 52 53 54 55 56 57 58 59 60 61 62,
tth,trigeminothalamic tract,43–45,43–45,43,45,3,43 44 45,
Tu,olfactory tubercle,16–23,16–23,16,23,8,16 17 18 19 20 21 22 23,
TuLH,tuberal region of lateral hypothalamus,27–31,27–31,27,31,5,27 28 29 30 31,
tz,trapezoid body,43–49,43–49,43,49,7,43 44 45 46 47 48 49,
tzx,decussation of the trapezoid body,44–47,44–47,44,47,4,44 45 46 47,
uf,uvular fissure,56–59,56–59,56,59,4,56 57 58 59,
V1,primary visual cortex,31–42,31–42,31,42,12,31 32 33 34 35 36 37 38 39 40 41 42,
V1B,"primary visual cortex, binocular area",32–39,32–39,32,39,8,32 33 34 35 36 37 38 39,
V1M,"primary visual cortex, monocular area",32–39,32–39,32,39,8,32 33 34 35 36 37 38 39,
V2L,"secondary visual cortex, lateral area",31–41,31–41,31,41,11,31 32 33 34 35 36 37 38 39 40 41,
V2M,"secondary visual cortex, medial area",31–40,31–40,31,40,10,31 32 33 34 35 36 37 38 39 40,
VA,ventral anterior thalamic nucleus,27,27,27,27,1,27,
VCA,"ventral cochlear nucleus, anterior part",43–47,43–47,43,47,5,43 44 45 46 47,
VCl,ventral part of claustrum,16–26,16–26,16,26,11,16 17 18 19 20 21 22 23 24 25 26,
VCP,"ventral cochlear nucleus, posterior part",47–49,47–49,47,49,3,47 48 49,
VDB,nucleus of the vertical limb of the diagonal band,19–21,19–21,19,21,3,19 20 21,
VeCb,vestibulocerebellar nucleus,46–49,46–49,46,49,4,46 47 48 49,
veme,vestibulomesencephalic tract,46–48,46–48,46,48,3,46 47 48,
VEn,ventral endopiriform nucleus,24–29,24–29,24,29,6,24 25 26 27 28 29,
vesp,vestibulospinal tract,49,49,49,49,1,49,
VG,ventral geniculate nucleus,29–34,29–34,29,34,6,29 30 31 32 33 34,
VGMC,"ventral geniculate nucleus, magnocellular part",31–32,31–32,31,32,2,31 32,
VGPC,"ventral geniculate nucleus, parvicellular part",31–32,31–32,31,32,2,31 32,
vhc,ventral hippocampal commissure,25–27,25–27,25,27,3,25 26 27,
VL,ventrolateral thalamic nucleus,27–30,27–30,27,30,4,27 28 29 30,
VLH,ventrolateral hypothalamic nucleus,27,27,27,27,1,27,
vlh,ventrolateral hypothalamic tract,27,27,27,27,1,27,
VLi,ventral linear nucleus of the thalamus,33,33,33,33,1,33,
VLPAG,ventrolateral periaqueductal gray,37–42,37–42,37,42,6,37 38 39 40 41 42,
VLPO,ventrolateral preoptic nucleus,23–24,23–24,23,24,2,23 24,
VM,ventromedial thalamic nucleus,27–30,27–30,27,30,4,27 28 29 30,
VMH,ventromedial hypothalamic nucleus,28–31,28–31,28,31,4,28 29 30 31,
VMHC,"ventromedial hypothalamic nucleus, central part",29–30,29–30,29,30,2,29 30,
VMHDM,"ventromedial hypothalamic nucleus, dorsomedial part",29–30,29–30,29,30,2,29 30,
VMHSh,ventromedial nucleus of the hypothalamus shell,28–31,28–31,28,31,4,28 29 30 31,
VMHVL,"ventromedial hypothalamic nucleus, ventrolateral part",29–30,29–30,29,30,2,29 30,"the name drops out of the Index of structures text layer as ""venalamic nucleus""; the Index of abbreviations sets it in full"
VMPO,ventromedial preoptic nucleus,23–24,23–24,23,24,2,23 24,
VNLL,ventral nucleus of the lateral lemniscus,40,40,40,40,1,40,
VNTB,ventral nucleus of the trapezoid body,43–47,43–47,43,47,5,43 44 45 46 47,
VO,ventral orbital cortex,9–16,9–16,9,16,8,9 10 11 12 13 14 15 16,
VP,ventral pallidum,16–25,16–25,16,25,10,16 17 18 19 20 21 22 23 24 25,
VPL,ventral posterolateral thalamic nucleus,28–31,28–31,28,31,4,28 29 30 31,
VPM,ventral posteromedial thalamic nucleus,28–32,28–32,28,32,5,28 29 30 31 32,
VPPC,"ventral posterior nucleus of the thalamus, parvicellular part",31,31,31,31,1,31,
VRe,ventral reuniens thalamic nucleus,27–30,27–30,27,30,4,27 28 29 30,
VS,ventral subiculum,31–36,31–36,31,36,6,31 32 33 34 35 36,
vsc,ventral spinocerebellar tract,43–62,43–62,43,62,20,43 44 45 46 47 48 49 50 51 52 53 54 55 56 57 58 59 60 61 62,
VTA,ventral tegmental area,37–38,37–38,37,38,2,37 38,
VTAR,"ventral tegmental area, rostral part",34–35,34–35,34,35,2,34 35,
VTg,ventral tegmental nucleus,42,42,42,42,1,42,
vtgx,ventral tegmental decussation,35–37,35–37,35,37,3,35 36 37,
VTM,ventral tuberomammillary nucleus,33–34,33–34,33,34,2,33 34,
VTT,ventral tenia tecta,11–16,11–16,11,16,6,11 12 13 14 15 16,
vVNLL,"ventral nucleus of the lateral lemniscus, ventral part",41–43,41–43,41,43,3,41 42 43,
X,nucleus X,48–52,48–52,48,52,5,48 49 50 51 52,
Xi,xiphoid thalamic nucleus,27–28,27–28,27,28,2,27 28,
xscp,decussation of the superior cerebellar peduncle,39–41,39–41,39,41,3,39 40 41,
Y,nucleus Y,48,48,48,48,1,48,
ZI,zona incerta,28–29,28–29,28,29,2,28 29,
ZIC,"zona incerta, caudal part",34–34,34–34,34,35,2,34 35,"printed with a dash and no second plate; read as 34-35, the abbreviation being printed on plate 35 too"
ZID,"zona incerta, dorsal part",30–33,30–33,30,33,4,30 31 32 33,
ZIR,"zona incerta, rostral part",26–27,26–27,26,27,2,26 27,
ZIV,"zona incerta, ventral part",30–33,30–33,30,33,4,30 31 32 33,
Zo,zonal layer of the superior colliculus,33–41,33–41,33,41,9,33 34 35 36 37 38 39 40 41,
